--
-- PostgreSQL database dump
--

-- Dumped from database version 12.1 (Debian 12.1-1.pgdg100+1)
-- Dumped by pg_dump version 12.2 (Ubuntu 12.2-4)

SET statement_timeout = 0;
SET lock_timeout = 0;
SET idle_in_transaction_session_timeout = 0;
SET client_encoding = 'UTF8';
SET standard_conforming_strings = on;
SELECT pg_catalog.set_config('search_path', '', false);
SET check_function_bodies = false;
SET xmloption = content;
SET client_min_messages = warning;
SET row_security = off;

--
-- Name: postgres; Type: DATABASE; Schema: -; Owner: postgres
--

-- CREATE DATABASE postgres WITH TEMPLATE = template0 ENCODING = 'UTF8' LC_COLLATE = 'en_US.utf8' LC_CTYPE = 'en_US.utf8';


-- ALTER DATABASE postgres OWNER TO postgres;

\connect postgres

SET statement_timeout = 0;
SET lock_timeout = 0;
SET idle_in_transaction_session_timeout = 0;
SET client_encoding = 'UTF8';
SET standard_conforming_strings = on;
SELECT pg_catalog.set_config('search_path', '', false);
SET check_function_bodies = false;
SET xmloption = content;
SET client_min_messages = warning;
SET row_security = off;

--
-- Name: DATABASE postgres; Type: COMMENT; Schema: -; Owner: postgres
--

COMMENT ON DATABASE postgres IS 'default administrative connection database';


--
-- Name: dosen_sex_enum; Type: TYPE; Schema: public; Owner: postgres
--

CREATE TYPE public.dosen_sex_enum AS ENUM (
    'laki-laki',
    'perempuan'
);


ALTER TYPE public.dosen_sex_enum OWNER TO postgres;

--
-- Name: dosen_status_enum; Type: TYPE; Schema: public; Owner: postgres
--

CREATE TYPE public.dosen_status_enum AS ENUM (
    'aktif',
    'tidak aktif'
);


ALTER TYPE public.dosen_status_enum OWNER TO postgres;

--
-- Name: mahasiswa_sex_enum; Type: TYPE; Schema: public; Owner: postgres
--

CREATE TYPE public.mahasiswa_sex_enum AS ENUM (
    'laki-laki',
    'perempuan'
);


ALTER TYPE public.mahasiswa_sex_enum OWNER TO postgres;

--
-- Name: mahasiswa_status_enum; Type: TYPE; Schema: public; Owner: postgres
--

CREATE TYPE public.mahasiswa_status_enum AS ENUM (
    'aktif',
    'do',
    'wisuda',
    'cuti'
);


ALTER TYPE public.mahasiswa_status_enum OWNER TO postgres;

--
-- Name: mata_kuliah_mktype_enum; Type: TYPE; Schema: public; Owner: postgres
--

CREATE TYPE public.mata_kuliah_mktype_enum AS ENUM (
    'wajib',
    'pilihan',
    'umum'
);


ALTER TYPE public.mata_kuliah_mktype_enum OWNER TO postgres;

--
-- Name: mata_kuliah_openin_enum; Type: TYPE; Schema: public; Owner: postgres
--

CREATE TYPE public.mata_kuliah_openin_enum AS ENUM (
    'semua',
    'ganjil',
    'genap'
);


ALTER TYPE public.mata_kuliah_openin_enum OWNER TO postgres;

--
-- Name: user_roles_enum; Type: TYPE; Schema: public; Owner: postgres
--

CREATE TYPE public.user_roles_enum AS ENUM (
    'Admin',
    'Mahasiswa',
    'Dosen',
    'KetuaJurusan',
    'SuperUser'
);


ALTER TYPE public.user_roles_enum OWNER TO postgres;

--
-- Name: user_usertype_enum; Type: TYPE; Schema: public; Owner: postgres
--

CREATE TYPE public.user_usertype_enum AS ENUM (
    'Mahasiswa',
    'Dosen',
    'User'
);


ALTER TYPE public.user_usertype_enum OWNER TO postgres;

SET default_tablespace = '';

SET default_table_access_method = heap;

--
-- Name: dosen; Type: TABLE; Schema: public; Owner: postgres
--

CREATE TABLE public.dosen (
    id integer NOT NULL,
    nip character varying NOT NULL,
    nama character varying NOT NULL,
    description character varying,
    sex public.dosen_sex_enum NOT NULL,
    status public.dosen_status_enum NOT NULL,
    _created timestamp without time zone DEFAULT now() NOT NULL,
    _updated timestamp without time zone DEFAULT now() NOT NULL
);


ALTER TABLE public.dosen OWNER TO postgres;

--
-- Name: dosen_id_seq; Type: SEQUENCE; Schema: public; Owner: postgres
--

CREATE SEQUENCE public.dosen_id_seq
    AS integer
    START WITH 1
    INCREMENT BY 1
    NO MINVALUE
    NO MAXVALUE
    CACHE 1;


ALTER TABLE public.dosen_id_seq OWNER TO postgres;

--
-- Name: dosen_id_seq; Type: SEQUENCE OWNED BY; Schema: public; Owner: postgres
--

ALTER SEQUENCE public.dosen_id_seq OWNED BY public.dosen.id;


--
-- Name: event; Type: TABLE; Schema: public; Owner: postgres
--

CREATE TABLE public.event (
    id integer NOT NULL,
    _created timestamp without time zone DEFAULT now() NOT NULL,
    name character varying NOT NULL,
    data jsonb
);


ALTER TABLE public.event OWNER TO postgres;

--
-- Name: event_id_seq; Type: SEQUENCE; Schema: public; Owner: postgres
--

CREATE SEQUENCE public.event_id_seq
    AS integer
    START WITH 1
    INCREMENT BY 1
    NO MINVALUE
    NO MAXVALUE
    CACHE 1;


ALTER TABLE public.event_id_seq OWNER TO postgres;

--
-- Name: event_id_seq; Type: SEQUENCE OWNED BY; Schema: public; Owner: postgres
--

ALTER SEQUENCE public.event_id_seq OWNED BY public.event.id;


--
-- Name: kelas; Type: TABLE; Schema: public; Owner: postgres
--

CREATE TABLE public.kelas (
    id integer NOT NULL,
    "idMataKuliah" integer NOT NULL,
    "idPeriode" integer NOT NULL,
    label character varying NOT NULL,
    _created timestamp without time zone DEFAULT now() NOT NULL,
    _updated timestamp without time zone DEFAULT now() NOT NULL
);


ALTER TABLE public.kelas OWNER TO postgres;

--
-- Name: kelas_id_seq; Type: SEQUENCE; Schema: public; Owner: postgres
--

CREATE SEQUENCE public.kelas_id_seq
    AS integer
    START WITH 1
    INCREMENT BY 1
    NO MINVALUE
    NO MAXVALUE
    CACHE 1;


ALTER TABLE public.kelas_id_seq OWNER TO postgres;

--
-- Name: kelas_id_seq; Type: SEQUENCE OWNED BY; Schema: public; Owner: postgres
--

ALTER SEQUENCE public.kelas_id_seq OWNED BY public.kelas.id;


--
-- Name: kelas_mahasiswa; Type: TABLE; Schema: public; Owner: postgres
--

CREATE TABLE public.kelas_mahasiswa (
    "idMahasiswa" integer NOT NULL,
    "idKelas" integer NOT NULL,
    nilai double precision
);


ALTER TABLE public.kelas_mahasiswa OWNER TO postgres;

--
-- Name: kelas_scheduled; Type: TABLE; Schema: public; Owner: postgres
--

CREATE TABLE public.kelas_scheduled (
    "idKelas" integer NOT NULL,
    "idDosen" integer NOT NULL,
    ruangan character varying NOT NULL,
    hari integer NOT NULL,
    jam integer NOT NULL,
    menit integer NOT NULL,
    "totalMenit" integer DEFAULT 120 NOT NULL
);


ALTER TABLE public.kelas_scheduled OWNER TO postgres;

--
-- Name: mahasiswa; Type: TABLE; Schema: public; Owner: postgres
--

CREATE TABLE public.mahasiswa (
    id integer NOT NULL,
    nim character varying NOT NULL,
    nama character varying NOT NULL,
    "tahunMasuk" integer NOT NULL,
    status public.mahasiswa_status_enum DEFAULT 'aktif'::public.mahasiswa_status_enum NOT NULL,
    sex public.mahasiswa_sex_enum NOT NULL,
    "idPa" integer,
    _created timestamp without time zone DEFAULT now() NOT NULL,
    _updated timestamp without time zone DEFAULT now() NOT NULL
);


ALTER TABLE public.mahasiswa OWNER TO postgres;

--
-- Name: mahasiswa_id_seq; Type: SEQUENCE; Schema: public; Owner: postgres
--

CREATE SEQUENCE public.mahasiswa_id_seq
    AS integer
    START WITH 1
    INCREMENT BY 1
    NO MINVALUE
    NO MAXVALUE
    CACHE 1;


ALTER TABLE public.mahasiswa_id_seq OWNER TO postgres;

--
-- Name: mahasiswa_id_seq; Type: SEQUENCE OWNED BY; Schema: public; Owner: postgres
--

ALTER SEQUENCE public.mahasiswa_id_seq OWNED BY public.mahasiswa.id;


--
-- Name: mata_kuliah; Type: TABLE; Schema: public; Owner: postgres
--

CREATE TABLE public.mata_kuliah (
    id integer NOT NULL,
    kode character varying NOT NULL,
    nama character varying NOT NULL,
    sks integer NOT NULL,
    "minSks" integer NOT NULL,
    "prefScheduledAt" integer,
    "openIn" public.mata_kuliah_openin_enum NOT NULL,
    "mkType" public.mata_kuliah_mktype_enum NOT NULL,
    _created timestamp without time zone DEFAULT now() NOT NULL,
    _updated timestamp without time zone DEFAULT now() NOT NULL,
    scheduled boolean DEFAULT true NOT NULL
);


ALTER TABLE public.mata_kuliah OWNER TO postgres;

--
-- Name: mata_kuliah_id_seq; Type: SEQUENCE; Schema: public; Owner: postgres
--

CREATE SEQUENCE public.mata_kuliah_id_seq
    AS integer
    START WITH 1
    INCREMENT BY 1
    NO MINVALUE
    NO MAXVALUE
    CACHE 1;


ALTER TABLE public.mata_kuliah_id_seq OWNER TO postgres;

--
-- Name: mata_kuliah_id_seq; Type: SEQUENCE OWNED BY; Schema: public; Owner: postgres
--

ALTER SEQUENCE public.mata_kuliah_id_seq OWNED BY public.mata_kuliah.id;


--
-- Name: mk_pra; Type: TABLE; Schema: public; Owner: postgres
--

CREATE TABLE public.mk_pra (
    "idParent" integer NOT NULL,
    "idChild" integer NOT NULL
);


ALTER TABLE public.mk_pra OWNER TO postgres;

--
-- Name: periode; Type: TABLE; Schema: public; Owner: postgres
--

CREATE TABLE public.periode (
    id integer NOT NULL,
    tahun integer NOT NULL,
    semester integer NOT NULL
);


ALTER TABLE public.periode OWNER TO postgres;

--
-- Name: periode_dosen; Type: TABLE; Schema: public; Owner: postgres
--

CREATE TABLE public.periode_dosen (
    periode_id integer NOT NULL,
    dosen_id integer NOT NULL
);


ALTER TABLE public.periode_dosen OWNER TO postgres;

--
-- Name: periode_id_seq; Type: SEQUENCE; Schema: public; Owner: postgres
--

CREATE SEQUENCE public.periode_id_seq
    AS integer
    START WITH 1
    INCREMENT BY 1
    NO MINVALUE
    NO MAXVALUE
    CACHE 1;


ALTER TABLE public.periode_id_seq OWNER TO postgres;

--
-- Name: periode_id_seq; Type: SEQUENCE OWNED BY; Schema: public; Owner: postgres
--

ALTER SEQUENCE public.periode_id_seq OWNED BY public.periode.id;


--
-- Name: periode_mahasiswa; Type: TABLE; Schema: public; Owner: postgres
--

CREATE TABLE public.periode_mahasiswa (
    periode_id integer NOT NULL,
    mahasiswa_id integer NOT NULL
);


ALTER TABLE public.periode_mahasiswa OWNER TO postgres;

--
-- Name: setting; Type: TABLE; Schema: public; Owner: postgres
--

CREATE TABLE public.setting (
    name character varying NOT NULL,
    data jsonb NOT NULL
);


ALTER TABLE public.setting OWNER TO postgres;

--
-- Name: user; Type: TABLE; Schema: public; Owner: postgres
--

CREATE TABLE public."user" (
    username character varying NOT NULL,
    password character varying NOT NULL,
    roles public.user_roles_enum[] NOT NULL,
    "userType" public.user_usertype_enum NOT NULL,
    "targetId" integer
);


ALTER TABLE public."user" OWNER TO postgres;

--
-- Name: dosen id; Type: DEFAULT; Schema: public; Owner: postgres
--

ALTER TABLE ONLY public.dosen ALTER COLUMN id SET DEFAULT nextval('public.dosen_id_seq'::regclass);


--
-- Name: event id; Type: DEFAULT; Schema: public; Owner: postgres
--

ALTER TABLE ONLY public.event ALTER COLUMN id SET DEFAULT nextval('public.event_id_seq'::regclass);


--
-- Name: kelas id; Type: DEFAULT; Schema: public; Owner: postgres
--

ALTER TABLE ONLY public.kelas ALTER COLUMN id SET DEFAULT nextval('public.kelas_id_seq'::regclass);


--
-- Name: mahasiswa id; Type: DEFAULT; Schema: public; Owner: postgres
--

ALTER TABLE ONLY public.mahasiswa ALTER COLUMN id SET DEFAULT nextval('public.mahasiswa_id_seq'::regclass);


--
-- Name: mata_kuliah id; Type: DEFAULT; Schema: public; Owner: postgres
--

ALTER TABLE ONLY public.mata_kuliah ALTER COLUMN id SET DEFAULT nextval('public.mata_kuliah_id_seq'::regclass);


--
-- Name: periode id; Type: DEFAULT; Schema: public; Owner: postgres
--

ALTER TABLE ONLY public.periode ALTER COLUMN id SET DEFAULT nextval('public.periode_id_seq'::regclass);


--
-- Data for Name: dosen; Type: TABLE DATA; Schema: public; Owner: postgres
--

COPY public.dosen (id, nip, nama, description, sex, status, _created, _updated) FROM stdin;
1	77677019206771748399	Carl Franklin	\N	laki-laki	tidak aktif	2020-05-10 12:52:01.940883	2020-05-10 12:52:01.940883
3	35230735959130631170	Elnora Matthews	\N	laki-laki	aktif	2020-05-10 12:52:01.940883	2020-05-10 12:52:01.940883
4	99376939996001958791	Ann Jefferson	\N	laki-laki	tidak aktif	2020-05-10 12:52:01.940883	2020-05-10 12:52:01.940883
5	96313887945612426224	Bernice Ferguson	\N	laki-laki	tidak aktif	2020-05-10 12:52:01.940883	2020-05-10 12:52:01.940883
6	57574849523382581836	Carrie Norton	\N	perempuan	aktif	2020-05-10 12:52:01.940883	2020-05-10 12:52:01.940883
7	95968617816737138005	Catherine Stewart	\N	perempuan	aktif	2020-05-10 12:52:01.940883	2020-05-10 12:52:01.940883
8	32672993331838119401	Ina Turner	\N	perempuan	tidak aktif	2020-05-10 12:52:01.940883	2020-05-10 12:52:01.940883
9	64142886326982231760	Luella Cummings	\N	laki-laki	aktif	2020-05-10 12:52:01.940883	2020-05-10 12:52:01.940883
10	89073227411397300357	Lewis Holland	\N	laki-laki	tidak aktif	2020-05-10 12:52:01.940883	2020-05-10 12:52:01.940883
11	37810150496482166304	Devin Hamilton	\N	perempuan	tidak aktif	2020-05-10 12:52:01.940883	2020-05-10 12:52:01.940883
12	39434226157889228100	Ollie Tran	\N	laki-laki	aktif	2020-05-10 12:52:01.940883	2020-05-10 12:52:01.940883
2	19154254556810455869	Jon Kennedy Foobar	\N	perempuan	tidak aktif	2020-05-10 12:52:01.940883	2020-05-12 14:21:19.853671
14	12345678901234567002	Nipple Hurt	\N	perempuan	aktif	2020-05-12 14:21:39.475971	2020-05-12 14:21:39.475971
\.


--
-- Data for Name: event; Type: TABLE DATA; Schema: public; Owner: postgres
--

COPY public.event (id, _created, name, data) FROM stdin;
\.


--
-- Data for Name: kelas; Type: TABLE DATA; Schema: public; Owner: postgres
--

COPY public.kelas (id, "idMataKuliah", "idPeriode", label, _created, _updated) FROM stdin;
1	10	1	a	2020-05-10 12:52:01.940883	2020-05-10 12:52:01.940883
2	10	1	b	2020-05-10 12:52:01.940883	2020-05-10 12:52:01.940883
3	10	1	c	2020-05-10 12:52:01.940883	2020-05-10 12:52:01.940883
4	11	1	a	2020-05-10 12:52:01.940883	2020-05-10 12:52:01.940883
5	11	1	b	2020-05-10 12:52:01.940883	2020-05-10 12:52:01.940883
6	11	1	c	2020-05-10 12:52:01.940883	2020-05-10 12:52:01.940883
7	12	1	a	2020-05-10 12:52:01.940883	2020-05-10 12:52:01.940883
8	12	1	b	2020-05-10 12:52:01.940883	2020-05-10 12:52:01.940883
9	13	1	a	2020-05-10 12:52:01.940883	2020-05-10 12:52:01.940883
10	14	1	a	2020-05-10 12:52:01.940883	2020-05-10 12:52:01.940883
11	18	1	a	2020-05-10 12:52:01.940883	2020-05-10 12:52:01.940883
12	19	1	a	2020-05-10 12:52:01.940883	2020-05-10 12:52:01.940883
13	19	1	b	2020-05-10 12:52:01.940883	2020-05-10 12:52:01.940883
14	19	1	c	2020-05-10 12:52:01.940883	2020-05-10 12:52:01.940883
15	20	1	a	2020-05-10 12:52:01.940883	2020-05-10 12:52:01.940883
16	22	1	a	2020-05-10 12:52:01.940883	2020-05-10 12:52:01.940883
17	22	1	b	2020-05-10 12:52:01.940883	2020-05-10 12:52:01.940883
18	22	1	c	2020-05-10 12:52:01.940883	2020-05-10 12:52:01.940883
19	23	1	a	2020-05-10 12:52:01.940883	2020-05-10 12:52:01.940883
20	23	1	b	2020-05-10 12:52:01.940883	2020-05-10 12:52:01.940883
21	23	1	c	2020-05-10 12:52:01.940883	2020-05-10 12:52:01.940883
22	24	1	a	2020-05-10 12:52:01.940883	2020-05-10 12:52:01.940883
23	24	1	b	2020-05-10 12:52:01.940883	2020-05-10 12:52:01.940883
24	27	1	a	2020-05-10 12:52:01.940883	2020-05-10 12:52:01.940883
25	27	1	b	2020-05-10 12:52:01.940883	2020-05-10 12:52:01.940883
26	27	1	c	2020-05-10 12:52:01.940883	2020-05-10 12:52:01.940883
27	28	1	a	2020-05-10 12:52:01.940883	2020-05-10 12:52:01.940883
28	29	1	a	2020-05-10 12:52:01.940883	2020-05-10 12:52:01.940883
29	29	1	b	2020-05-10 12:52:01.940883	2020-05-10 12:52:01.940883
30	29	1	c	2020-05-10 12:52:01.940883	2020-05-10 12:52:01.940883
31	30	1	a	2020-05-10 12:52:01.940883	2020-05-10 12:52:01.940883
32	30	1	b	2020-05-10 12:52:01.940883	2020-05-10 12:52:01.940883
33	30	1	c	2020-05-10 12:52:01.940883	2020-05-10 12:52:01.940883
34	32	1	a	2020-05-10 12:52:01.940883	2020-05-10 12:52:01.940883
35	32	1	b	2020-05-10 12:52:01.940883	2020-05-10 12:52:01.940883
36	33	1	a	2020-05-10 12:52:01.940883	2020-05-10 12:52:01.940883
37	33	1	b	2020-05-10 12:52:01.940883	2020-05-10 12:52:01.940883
38	34	1	a	2020-05-10 12:52:01.940883	2020-05-10 12:52:01.940883
39	34	1	b	2020-05-10 12:52:01.940883	2020-05-10 12:52:01.940883
40	35	1	a	2020-05-10 12:52:01.940883	2020-05-10 12:52:01.940883
41	35	1	b	2020-05-10 12:52:01.940883	2020-05-10 12:52:01.940883
42	36	1	a	2020-05-10 12:52:01.940883	2020-05-10 12:52:01.940883
43	36	1	b	2020-05-10 12:52:01.940883	2020-05-10 12:52:01.940883
44	36	1	c	2020-05-10 12:52:01.940883	2020-05-10 12:52:01.940883
45	37	1	a	2020-05-10 12:52:01.940883	2020-05-10 12:52:01.940883
46	37	1	b	2020-05-10 12:52:01.940883	2020-05-10 12:52:01.940883
47	37	1	c	2020-05-10 12:52:01.940883	2020-05-10 12:52:01.940883
48	10	2	a	2020-05-10 12:52:01.940883	2020-05-10 12:52:01.940883
49	10	2	b	2020-05-10 12:52:01.940883	2020-05-10 12:52:01.940883
50	11	2	a	2020-05-10 12:52:01.940883	2020-05-10 12:52:01.940883
51	13	2	a	2020-05-10 12:52:01.940883	2020-05-10 12:52:01.940883
52	13	2	b	2020-05-10 12:52:01.940883	2020-05-10 12:52:01.940883
53	13	2	c	2020-05-10 12:52:01.940883	2020-05-10 12:52:01.940883
54	14	2	a	2020-05-10 12:52:01.940883	2020-05-10 12:52:01.940883
55	14	2	b	2020-05-10 12:52:01.940883	2020-05-10 12:52:01.940883
56	15	2	a	2020-05-10 12:52:01.940883	2020-05-10 12:52:01.940883
57	15	2	b	2020-05-10 12:52:01.940883	2020-05-10 12:52:01.940883
58	15	2	c	2020-05-10 12:52:01.940883	2020-05-10 12:52:01.940883
59	16	2	a	2020-05-10 12:52:01.940883	2020-05-10 12:52:01.940883
60	16	2	b	2020-05-10 12:52:01.940883	2020-05-10 12:52:01.940883
61	16	2	c	2020-05-10 12:52:01.940883	2020-05-10 12:52:01.940883
62	17	2	a	2020-05-10 12:52:01.940883	2020-05-10 12:52:01.940883
63	20	2	a	2020-05-10 12:52:01.940883	2020-05-10 12:52:01.940883
64	20	2	b	2020-05-10 12:52:01.940883	2020-05-10 12:52:01.940883
65	20	2	c	2020-05-10 12:52:01.940883	2020-05-10 12:52:01.940883
66	21	2	a	2020-05-10 12:52:01.940883	2020-05-10 12:52:01.940883
67	21	2	b	2020-05-10 12:52:01.940883	2020-05-10 12:52:01.940883
68	24	2	a	2020-05-10 12:52:01.940883	2020-05-10 12:52:01.940883
69	24	2	b	2020-05-10 12:52:01.940883	2020-05-10 12:52:01.940883
70	25	2	a	2020-05-10 12:52:01.940883	2020-05-10 12:52:01.940883
71	26	2	a	2020-05-10 12:52:01.940883	2020-05-10 12:52:01.940883
72	26	2	b	2020-05-10 12:52:01.940883	2020-05-10 12:52:01.940883
73	26	2	c	2020-05-10 12:52:01.940883	2020-05-10 12:52:01.940883
74	28	2	a	2020-05-10 12:52:01.940883	2020-05-10 12:52:01.940883
75	28	2	b	2020-05-10 12:52:01.940883	2020-05-10 12:52:01.940883
76	29	2	a	2020-05-10 12:52:01.940883	2020-05-10 12:52:01.940883
77	30	2	a	2020-05-10 12:52:01.940883	2020-05-10 12:52:01.940883
78	31	2	a	2020-05-10 12:52:01.940883	2020-05-10 12:52:01.940883
79	31	2	b	2020-05-10 12:52:01.940883	2020-05-10 12:52:01.940883
80	31	2	c	2020-05-10 12:52:01.940883	2020-05-10 12:52:01.940883
81	33	2	a	2020-05-10 12:52:01.940883	2020-05-10 12:52:01.940883
82	34	2	a	2020-05-10 12:52:01.940883	2020-05-10 12:52:01.940883
83	35	2	a	2020-05-10 12:52:01.940883	2020-05-10 12:52:01.940883
84	35	2	b	2020-05-10 12:52:01.940883	2020-05-10 12:52:01.940883
85	36	2	a	2020-05-10 12:52:01.940883	2020-05-10 12:52:01.940883
86	37	2	a	2020-05-10 12:52:01.940883	2020-05-10 12:52:01.940883
87	37	2	b	2020-05-10 12:52:01.940883	2020-05-10 12:52:01.940883
88	37	2	c	2020-05-10 12:52:01.940883	2020-05-10 12:52:01.940883
89	39	2	a	2020-05-10 12:52:01.940883	2020-05-10 12:52:01.940883
90	40	2	a	2020-05-10 12:52:01.940883	2020-05-10 12:52:01.940883
91	40	2	b	2020-05-10 12:52:01.940883	2020-05-10 12:52:01.940883
92	40	2	c	2020-05-10 12:52:01.940883	2020-05-10 12:52:01.940883
93	42	2	a	2020-05-10 12:52:01.940883	2020-05-10 12:52:01.940883
94	42	2	b	2020-05-10 12:52:01.940883	2020-05-10 12:52:01.940883
95	42	2	c	2020-05-10 12:52:01.940883	2020-05-10 12:52:01.940883
96	10	3	a	2020-05-10 12:52:01.940883	2020-05-10 12:52:01.940883
97	10	3	b	2020-05-10 12:52:01.940883	2020-05-10 12:52:01.940883
98	11	3	a	2020-05-10 12:52:01.940883	2020-05-10 12:52:01.940883
99	11	3	b	2020-05-10 12:52:01.940883	2020-05-10 12:52:01.940883
100	11	3	c	2020-05-10 12:52:01.940883	2020-05-10 12:52:01.940883
101	12	3	a	2020-05-10 12:52:01.940883	2020-05-10 12:52:01.940883
102	12	3	b	2020-05-10 12:52:01.940883	2020-05-10 12:52:01.940883
103	12	3	c	2020-05-10 12:52:01.940883	2020-05-10 12:52:01.940883
104	13	3	a	2020-05-10 12:52:01.940883	2020-05-10 12:52:01.940883
105	13	3	b	2020-05-10 12:52:01.940883	2020-05-10 12:52:01.940883
106	13	3	c	2020-05-10 12:52:01.940883	2020-05-10 12:52:01.940883
107	14	3	a	2020-05-10 12:52:01.940883	2020-05-10 12:52:01.940883
108	14	3	b	2020-05-10 12:52:01.940883	2020-05-10 12:52:01.940883
109	14	3	c	2020-05-10 12:52:01.940883	2020-05-10 12:52:01.940883
110	18	3	a	2020-05-10 12:52:01.940883	2020-05-10 12:52:01.940883
111	19	3	a	2020-05-10 12:52:01.940883	2020-05-10 12:52:01.940883
112	20	3	a	2020-05-10 12:52:01.940883	2020-05-10 12:52:01.940883
113	20	3	b	2020-05-10 12:52:01.940883	2020-05-10 12:52:01.940883
114	20	3	c	2020-05-10 12:52:01.940883	2020-05-10 12:52:01.940883
115	22	3	a	2020-05-10 12:52:01.940883	2020-05-10 12:52:01.940883
116	22	3	b	2020-05-10 12:52:01.940883	2020-05-10 12:52:01.940883
117	23	3	a	2020-05-10 12:52:01.940883	2020-05-10 12:52:01.940883
118	23	3	b	2020-05-10 12:52:01.940883	2020-05-10 12:52:01.940883
119	24	3	a	2020-05-10 12:52:01.940883	2020-05-10 12:52:01.940883
120	27	3	a	2020-05-10 12:52:01.940883	2020-05-10 12:52:01.940883
121	28	3	a	2020-05-10 12:52:01.940883	2020-05-10 12:52:01.940883
122	28	3	b	2020-05-10 12:52:01.940883	2020-05-10 12:52:01.940883
123	28	3	c	2020-05-10 12:52:01.940883	2020-05-10 12:52:01.940883
124	29	3	a	2020-05-10 12:52:01.940883	2020-05-10 12:52:01.940883
125	30	3	a	2020-05-10 12:52:01.940883	2020-05-10 12:52:01.940883
126	30	3	b	2020-05-10 12:52:01.940883	2020-05-10 12:52:01.940883
127	30	3	c	2020-05-10 12:52:01.940883	2020-05-10 12:52:01.940883
128	32	3	a	2020-05-10 12:52:01.940883	2020-05-10 12:52:01.940883
129	32	3	b	2020-05-10 12:52:01.940883	2020-05-10 12:52:01.940883
130	32	3	c	2020-05-10 12:52:01.940883	2020-05-10 12:52:01.940883
131	33	3	a	2020-05-10 12:52:01.940883	2020-05-10 12:52:01.940883
132	33	3	b	2020-05-10 12:52:01.940883	2020-05-10 12:52:01.940883
133	33	3	c	2020-05-10 12:52:01.940883	2020-05-10 12:52:01.940883
134	34	3	a	2020-05-10 12:52:01.940883	2020-05-10 12:52:01.940883
135	34	3	b	2020-05-10 12:52:01.940883	2020-05-10 12:52:01.940883
136	35	3	a	2020-05-10 12:52:01.940883	2020-05-10 12:52:01.940883
137	36	3	a	2020-05-10 12:52:01.940883	2020-05-10 12:52:01.940883
138	37	3	a	2020-05-10 12:52:01.940883	2020-05-10 12:52:01.940883
139	37	3	b	2020-05-10 12:52:01.940883	2020-05-10 12:52:01.940883
140	37	3	c	2020-05-10 12:52:01.940883	2020-05-10 12:52:01.940883
141	38	3	a	2020-05-10 12:52:01.940883	2020-05-10 12:52:01.940883
142	38	3	b	2020-05-10 12:52:01.940883	2020-05-10 12:52:01.940883
143	38	3	c	2020-05-10 12:52:01.940883	2020-05-10 12:52:01.940883
144	39	3	a	2020-05-10 12:52:01.940883	2020-05-10 12:52:01.940883
145	40	3	a	2020-05-10 12:52:01.940883	2020-05-10 12:52:01.940883
146	40	3	b	2020-05-10 12:52:01.940883	2020-05-10 12:52:01.940883
147	41	3	a	2020-05-10 12:52:01.940883	2020-05-10 12:52:01.940883
148	41	3	b	2020-05-10 12:52:01.940883	2020-05-10 12:52:01.940883
149	43	3	a	2020-05-10 12:52:01.940883	2020-05-10 12:52:01.940883
150	44	3	a	2020-05-10 12:52:01.940883	2020-05-10 12:52:01.940883
151	10	4	a	2020-05-10 12:52:01.940883	2020-05-10 12:52:01.940883
152	10	4	b	2020-05-10 12:52:01.940883	2020-05-10 12:52:01.940883
153	10	4	c	2020-05-10 12:52:01.940883	2020-05-10 12:52:01.940883
154	11	4	a	2020-05-10 12:52:01.940883	2020-05-10 12:52:01.940883
155	13	4	a	2020-05-10 12:52:01.940883	2020-05-10 12:52:01.940883
156	13	4	b	2020-05-10 12:52:01.940883	2020-05-10 12:52:01.940883
157	13	4	c	2020-05-10 12:52:01.940883	2020-05-10 12:52:01.940883
158	14	4	a	2020-05-10 12:52:01.940883	2020-05-10 12:52:01.940883
159	15	4	a	2020-05-10 12:52:01.940883	2020-05-10 12:52:01.940883
160	16	4	a	2020-05-10 12:52:01.940883	2020-05-10 12:52:01.940883
161	16	4	b	2020-05-10 12:52:01.940883	2020-05-10 12:52:01.940883
162	16	4	c	2020-05-10 12:52:01.940883	2020-05-10 12:52:01.940883
163	17	4	a	2020-05-10 12:52:01.940883	2020-05-10 12:52:01.940883
164	17	4	b	2020-05-10 12:52:01.940883	2020-05-10 12:52:01.940883
165	20	4	a	2020-05-10 12:52:01.940883	2020-05-10 12:52:01.940883
166	20	4	b	2020-05-10 12:52:01.940883	2020-05-10 12:52:01.940883
167	21	4	a	2020-05-10 12:52:01.940883	2020-05-10 12:52:01.940883
168	24	4	a	2020-05-10 12:52:01.940883	2020-05-10 12:52:01.940883
169	24	4	b	2020-05-10 12:52:01.940883	2020-05-10 12:52:01.940883
170	24	4	c	2020-05-10 12:52:01.940883	2020-05-10 12:52:01.940883
171	25	4	a	2020-05-10 12:52:01.940883	2020-05-10 12:52:01.940883
172	26	4	a	2020-05-10 12:52:01.940883	2020-05-10 12:52:01.940883
173	26	4	b	2020-05-10 12:52:01.940883	2020-05-10 12:52:01.940883
174	28	4	a	2020-05-10 12:52:01.940883	2020-05-10 12:52:01.940883
175	28	4	b	2020-05-10 12:52:01.940883	2020-05-10 12:52:01.940883
176	29	4	a	2020-05-10 12:52:01.940883	2020-05-10 12:52:01.940883
177	29	4	b	2020-05-10 12:52:01.940883	2020-05-10 12:52:01.940883
178	30	4	a	2020-05-10 12:52:01.940883	2020-05-10 12:52:01.940883
179	31	4	a	2020-05-10 12:52:01.940883	2020-05-10 12:52:01.940883
180	31	4	b	2020-05-10 12:52:01.940883	2020-05-10 12:52:01.940883
181	33	4	a	2020-05-10 12:52:01.940883	2020-05-10 12:52:01.940883
182	34	4	a	2020-05-10 12:52:01.940883	2020-05-10 12:52:01.940883
183	35	4	a	2020-05-10 12:52:01.940883	2020-05-10 12:52:01.940883
184	36	4	a	2020-05-10 12:52:01.940883	2020-05-10 12:52:01.940883
185	36	4	b	2020-05-10 12:52:01.940883	2020-05-10 12:52:01.940883
186	10	5	a	2020-05-10 12:52:01.940883	2020-05-10 12:52:01.940883
187	11	5	a	2020-05-10 12:52:01.940883	2020-05-10 12:52:01.940883
188	11	5	b	2020-05-10 12:52:01.940883	2020-05-10 12:52:01.940883
189	12	5	a	2020-05-10 12:52:01.940883	2020-05-10 12:52:01.940883
190	12	5	b	2020-05-10 12:52:01.940883	2020-05-10 12:52:01.940883
191	12	5	c	2020-05-10 12:52:01.940883	2020-05-10 12:52:01.940883
192	13	5	a	2020-05-10 12:52:01.940883	2020-05-10 12:52:01.940883
193	13	5	b	2020-05-10 12:52:01.940883	2020-05-10 12:52:01.940883
194	13	5	c	2020-05-10 12:52:01.940883	2020-05-10 12:52:01.940883
195	14	5	a	2020-05-10 12:52:01.940883	2020-05-10 12:52:01.940883
196	14	5	b	2020-05-10 12:52:01.940883	2020-05-10 12:52:01.940883
197	14	5	c	2020-05-10 12:52:01.940883	2020-05-10 12:52:01.940883
198	18	5	a	2020-05-10 12:52:01.940883	2020-05-10 12:52:01.940883
199	18	5	b	2020-05-10 12:52:01.940883	2020-05-10 12:52:01.940883
200	18	5	c	2020-05-10 12:52:01.940883	2020-05-10 12:52:01.940883
201	19	5	a	2020-05-10 12:52:01.940883	2020-05-10 12:52:01.940883
202	19	5	b	2020-05-10 12:52:01.940883	2020-05-10 12:52:01.940883
203	19	5	c	2020-05-10 12:52:01.940883	2020-05-10 12:52:01.940883
204	20	5	a	2020-05-10 12:52:01.940883	2020-05-10 12:52:01.940883
205	22	5	a	2020-05-10 12:52:01.940883	2020-05-10 12:52:01.940883
206	22	5	b	2020-05-10 12:52:01.940883	2020-05-10 12:52:01.940883
207	23	5	a	2020-05-10 12:52:01.940883	2020-05-10 12:52:01.940883
208	23	5	b	2020-05-10 12:52:01.940883	2020-05-10 12:52:01.940883
209	24	5	a	2020-05-10 12:52:01.940883	2020-05-10 12:52:01.940883
210	24	5	b	2020-05-10 12:52:01.940883	2020-05-10 12:52:01.940883
211	27	5	a	2020-05-10 12:52:01.940883	2020-05-10 12:52:01.940883
212	27	5	b	2020-05-10 12:52:01.940883	2020-05-10 12:52:01.940883
213	27	5	c	2020-05-10 12:52:01.940883	2020-05-10 12:52:01.940883
214	28	5	a	2020-05-10 12:52:01.940883	2020-05-10 12:52:01.940883
215	29	5	a	2020-05-10 12:52:01.940883	2020-05-10 12:52:01.940883
216	30	5	a	2020-05-10 12:52:01.940883	2020-05-10 12:52:01.940883
217	30	5	b	2020-05-10 12:52:01.940883	2020-05-10 12:52:01.940883
218	30	5	c	2020-05-10 12:52:01.940883	2020-05-10 12:52:01.940883
219	32	5	a	2020-05-10 12:52:01.940883	2020-05-10 12:52:01.940883
220	33	5	a	2020-05-10 12:52:01.940883	2020-05-10 12:52:01.940883
221	33	5	b	2020-05-10 12:52:01.940883	2020-05-10 12:52:01.940883
222	33	5	c	2020-05-10 12:52:01.940883	2020-05-10 12:52:01.940883
223	34	5	a	2020-05-10 12:52:01.940883	2020-05-10 12:52:01.940883
224	35	5	a	2020-05-10 12:52:01.940883	2020-05-10 12:52:01.940883
225	35	5	b	2020-05-10 12:52:01.940883	2020-05-10 12:52:01.940883
226	36	5	a	2020-05-10 12:52:01.940883	2020-05-10 12:52:01.940883
227	36	5	b	2020-05-10 12:52:01.940883	2020-05-10 12:52:01.940883
228	36	5	c	2020-05-10 12:52:01.940883	2020-05-10 12:52:01.940883
229	37	5	a	2020-05-10 12:52:01.940883	2020-05-10 12:52:01.940883
230	38	5	a	2020-05-10 12:52:01.940883	2020-05-10 12:52:01.940883
231	39	5	a	2020-05-10 12:52:01.940883	2020-05-10 12:52:01.940883
232	40	5	a	2020-05-10 12:52:01.940883	2020-05-10 12:52:01.940883
233	40	5	b	2020-05-10 12:52:01.940883	2020-05-10 12:52:01.940883
234	40	5	c	2020-05-10 12:52:01.940883	2020-05-10 12:52:01.940883
235	41	5	a	2020-05-10 12:52:01.940883	2020-05-10 12:52:01.940883
236	41	5	b	2020-05-10 12:52:01.940883	2020-05-10 12:52:01.940883
237	43	5	a	2020-05-10 12:52:01.940883	2020-05-10 12:52:01.940883
238	43	5	b	2020-05-10 12:52:01.940883	2020-05-10 12:52:01.940883
239	43	5	c	2020-05-10 12:52:01.940883	2020-05-10 12:52:01.940883
240	10	6	a	2020-05-10 12:52:01.940883	2020-05-10 12:52:01.940883
241	11	6	a	2020-05-10 12:52:01.940883	2020-05-10 12:52:01.940883
242	11	6	b	2020-05-10 12:52:01.940883	2020-05-10 12:52:01.940883
243	13	6	a	2020-05-10 12:52:01.940883	2020-05-10 12:52:01.940883
244	13	6	b	2020-05-10 12:52:01.940883	2020-05-10 12:52:01.940883
245	13	6	c	2020-05-10 12:52:01.940883	2020-05-10 12:52:01.940883
246	14	6	a	2020-05-10 12:52:01.940883	2020-05-10 12:52:01.940883
247	15	6	a	2020-05-10 12:52:01.940883	2020-05-10 12:52:01.940883
248	15	6	b	2020-05-10 12:52:01.940883	2020-05-10 12:52:01.940883
249	15	6	c	2020-05-10 12:52:01.940883	2020-05-10 12:52:01.940883
250	16	6	a	2020-05-10 12:52:01.940883	2020-05-10 12:52:01.940883
251	16	6	b	2020-05-10 12:52:01.940883	2020-05-10 12:52:01.940883
252	16	6	c	2020-05-10 12:52:01.940883	2020-05-10 12:52:01.940883
253	17	6	a	2020-05-10 12:52:01.940883	2020-05-10 12:52:01.940883
254	17	6	b	2020-05-10 12:52:01.940883	2020-05-10 12:52:01.940883
255	20	6	a	2020-05-10 12:52:01.940883	2020-05-10 12:52:01.940883
256	20	6	b	2020-05-10 12:52:01.940883	2020-05-10 12:52:01.940883
257	20	6	c	2020-05-10 12:52:01.940883	2020-05-10 12:52:01.940883
258	21	6	a	2020-05-10 12:52:01.940883	2020-05-10 12:52:01.940883
259	24	6	a	2020-05-10 12:52:01.940883	2020-05-10 12:52:01.940883
260	24	6	b	2020-05-10 12:52:01.940883	2020-05-10 12:52:01.940883
261	25	6	a	2020-05-10 12:52:01.940883	2020-05-10 12:52:01.940883
262	26	6	a	2020-05-10 12:52:01.940883	2020-05-10 12:52:01.940883
263	26	6	b	2020-05-10 12:52:01.940883	2020-05-10 12:52:01.940883
264	26	6	c	2020-05-10 12:52:01.940883	2020-05-10 12:52:01.940883
265	28	6	a	2020-05-10 12:52:01.940883	2020-05-10 12:52:01.940883
266	28	6	b	2020-05-10 12:52:01.940883	2020-05-10 12:52:01.940883
267	29	6	a	2020-05-10 12:52:01.940883	2020-05-10 12:52:01.940883
268	29	6	b	2020-05-10 12:52:01.940883	2020-05-10 12:52:01.940883
269	29	6	c	2020-05-10 12:52:01.940883	2020-05-10 12:52:01.940883
270	30	6	a	2020-05-10 12:52:01.940883	2020-05-10 12:52:01.940883
271	30	6	b	2020-05-10 12:52:01.940883	2020-05-10 12:52:01.940883
272	30	6	c	2020-05-10 12:52:01.940883	2020-05-10 12:52:01.940883
273	31	6	a	2020-05-10 12:52:01.940883	2020-05-10 12:52:01.940883
274	33	6	a	2020-05-10 12:52:01.940883	2020-05-10 12:52:01.940883
275	33	6	b	2020-05-10 12:52:01.940883	2020-05-10 12:52:01.940883
276	33	6	c	2020-05-10 12:52:01.940883	2020-05-10 12:52:01.940883
277	34	6	a	2020-05-10 12:52:01.940883	2020-05-10 12:52:01.940883
278	34	6	b	2020-05-10 12:52:01.940883	2020-05-10 12:52:01.940883
279	35	6	a	2020-05-10 12:52:01.940883	2020-05-10 12:52:01.940883
280	36	6	a	2020-05-10 12:52:01.940883	2020-05-10 12:52:01.940883
281	36	6	b	2020-05-10 12:52:01.940883	2020-05-10 12:52:01.940883
282	37	6	a	2020-05-10 12:52:01.940883	2020-05-10 12:52:01.940883
283	39	6	a	2020-05-10 12:52:01.940883	2020-05-10 12:52:01.940883
284	39	6	b	2020-05-10 12:52:01.940883	2020-05-10 12:52:01.940883
285	39	6	c	2020-05-10 12:52:01.940883	2020-05-10 12:52:01.940883
286	40	6	a	2020-05-10 12:52:01.940883	2020-05-10 12:52:01.940883
287	40	6	b	2020-05-10 12:52:01.940883	2020-05-10 12:52:01.940883
\.


--
-- Data for Name: kelas_mahasiswa; Type: TABLE DATA; Schema: public; Owner: postgres
--

COPY public.kelas_mahasiswa ("idMahasiswa", "idKelas", nilai) FROM stdin;
\.


--
-- Data for Name: kelas_scheduled; Type: TABLE DATA; Schema: public; Owner: postgres
--

COPY public.kelas_scheduled ("idKelas", "idDosen", ruangan, hari, jam, menit, "totalMenit") FROM stdin;
1	10	K1	6	10	0	120
2	6	K1	6	14	0	120
3	2	K1	6	14	0	120
4	4	K3	3	12	0	120
5	1	K1	6	11	0	120
6	8	K3	3	14	0	120
7	2	K3	4	12	0	120
8	4	K3	4	9	0	120
9	12	K1	5	14	0	120
10	7	K1	7	9	0	120
11	10	K1	6	14	0	120
12	8	K2	4	11	0	120
13	2	K1	3	12	0	120
14	6	K2	1	10	0	120
15	10	K1	2	9	0	120
16	8	K3	5	14	0	120
17	5	K2	1	14	0	120
18	2	K2	2	14	0	120
19	1	K3	5	14	0	120
20	5	K2	7	11	0	120
21	10	K3	2	8	0	120
22	10	K3	3	10	0	120
23	9	K2	6	11	0	120
24	10	K3	4	12	0	120
25	9	K1	2	8	0	120
26	11	K1	3	13	0	120
27	5	K3	5	10	0	120
28	5	K2	3	12	0	120
29	10	K3	1	8	0	120
30	6	K2	1	9	0	120
31	12	K1	7	11	0	120
32	12	K1	5	11	0	120
33	3	K3	4	11	0	120
34	6	K3	3	10	0	120
35	10	K1	1	9	0	120
36	3	K1	2	12	0	120
37	11	K3	2	14	0	120
38	12	K2	6	11	0	120
39	12	K1	3	14	0	120
40	1	K2	2	11	0	120
41	9	K2	3	11	0	120
42	2	K2	5	8	0	120
43	9	K3	2	13	0	120
44	4	K3	5	13	0	120
45	2	K1	1	9	0	120
46	4	K1	1	11	0	120
47	12	K2	2	12	0	120
48	4	K1	2	8	0	120
49	4	K1	3	12	0	120
50	9	K2	3	11	0	120
51	5	K3	2	10	0	120
52	7	K1	5	12	0	120
53	4	K3	4	13	0	120
54	8	K2	6	12	0	120
55	1	K2	5	12	0	120
56	2	K2	2	13	0	120
57	1	K3	3	10	0	120
58	3	K3	1	11	0	120
59	11	K1	5	14	0	120
60	6	K1	1	14	0	120
61	5	K2	2	11	0	120
62	2	K3	6	12	0	120
63	6	K3	3	13	0	120
64	1	K1	6	12	0	120
65	3	K1	1	13	0	120
66	2	K1	3	14	0	120
67	6	K1	1	14	0	120
68	1	K3	7	9	0	120
69	11	K1	2	13	0	120
70	1	K3	4	14	0	120
71	6	K3	4	8	0	120
72	8	K2	2	11	0	120
73	10	K2	1	13	0	120
74	9	K2	7	14	0	120
75	8	K2	3	12	0	120
76	4	K2	2	8	0	120
77	1	K1	4	14	0	120
78	1	K3	1	10	0	120
79	3	K2	5	12	0	120
80	12	K3	2	13	0	120
81	7	K1	3	11	0	120
82	9	K3	4	8	0	120
83	8	K3	1	14	0	120
84	8	K2	6	13	0	120
85	2	K2	1	12	0	120
86	4	K3	3	14	0	120
87	7	K2	1	11	0	120
88	5	K1	6	9	0	120
89	11	K2	3	14	0	120
90	4	K1	6	8	0	120
91	11	K3	4	14	0	120
92	6	K1	2	10	0	120
93	5	K3	7	14	0	120
94	8	K1	2	13	0	120
95	7	K2	3	9	0	120
96	9	K3	4	10	0	120
97	2	K1	1	8	0	120
98	10	K1	2	11	0	120
99	12	K2	1	11	0	120
100	4	K3	6	10	0	120
101	12	K1	1	14	0	120
102	3	K3	1	9	0	120
103	8	K2	5	9	0	120
104	11	K3	7	9	0	120
105	9	K2	2	13	0	120
106	3	K3	1	11	0	120
107	4	K2	1	12	0	120
108	11	K1	1	11	0	120
109	1	K1	1	9	0	120
110	1	K3	1	11	0	120
111	8	K1	5	11	0	120
112	12	K1	5	13	0	120
113	5	K1	7	14	0	120
114	4	K2	5	9	0	120
115	10	K2	1	14	0	120
116	6	K2	3	14	0	120
117	5	K2	4	11	0	120
118	5	K2	4	8	0	120
119	10	K2	1	8	0	120
120	8	K3	1	8	0	120
121	8	K3	1	8	0	120
122	10	K3	7	8	0	120
123	8	K2	1	9	0	120
124	9	K3	4	10	0	120
125	3	K3	7	14	0	120
126	7	K3	4	13	0	120
127	12	K2	4	13	0	120
128	1	K1	1	12	0	120
129	7	K3	7	11	0	120
130	3	K2	5	10	0	120
131	11	K3	1	9	0	120
132	5	K3	7	13	0	120
133	3	K1	4	11	0	120
134	10	K2	3	13	0	120
135	9	K2	6	14	0	120
136	8	K2	4	14	0	120
137	2	K1	6	13	0	120
138	6	K1	7	9	0	120
139	5	K2	4	12	0	120
140	9	K3	7	14	0	120
141	12	K1	5	10	0	120
142	11	K2	2	10	0	120
143	4	K2	5	13	0	120
144	1	K1	5	8	0	120
145	2	K2	3	14	0	120
146	12	K3	3	12	0	120
147	10	K3	4	10	0	120
148	5	K1	1	12	0	120
149	9	K2	2	11	0	120
150	8	K3	2	8	0	120
151	8	K1	1	13	0	120
152	9	K1	7	11	0	120
153	10	K3	7	8	0	120
154	8	K1	1	10	0	120
155	1	K2	2	12	0	120
156	3	K1	2	8	0	120
157	7	K3	7	9	0	120
158	9	K1	3	14	0	120
159	1	K3	4	10	0	120
160	6	K3	7	14	0	120
161	11	K2	7	11	0	120
162	8	K3	4	12	0	120
163	10	K2	3	13	0	120
164	5	K2	3	13	0	120
165	5	K2	1	12	0	120
166	7	K1	3	9	0	120
167	7	K1	6	12	0	120
168	2	K2	1	11	0	120
169	2	K3	2	14	0	120
170	11	K2	5	13	0	120
171	3	K1	1	14	0	120
172	1	K1	2	14	0	120
173	6	K1	3	8	0	120
174	12	K2	3	8	0	120
175	7	K2	6	14	0	120
176	11	K3	4	8	0	120
177	1	K1	6	12	0	120
178	11	K3	7	8	0	120
179	6	K2	2	13	0	120
180	3	K3	5	9	0	120
181	4	K2	1	13	0	120
182	4	K2	1	14	0	120
183	10	K1	3	8	0	120
184	9	K3	3	8	0	120
185	8	K1	7	11	0	120
186	3	K1	6	8	0	120
187	5	K1	7	12	0	120
188	9	K1	7	14	0	120
189	2	K2	6	10	0	120
190	7	K2	3	11	0	120
191	2	K3	5	11	0	120
192	1	K2	6	11	0	120
193	8	K1	7	12	0	120
194	3	K1	1	13	0	120
195	5	K1	4	8	0	120
196	1	K1	3	12	0	120
197	8	K1	2	14	0	120
198	6	K3	4	13	0	120
199	4	K3	6	9	0	120
200	7	K1	7	13	0	120
201	5	K3	3	10	0	120
202	6	K1	1	12	0	120
203	4	K2	6	12	0	120
204	1	K1	1	10	0	120
205	11	K2	2	10	0	120
206	4	K1	7	12	0	120
207	3	K1	7	14	0	120
208	11	K3	3	12	0	120
209	12	K1	5	12	0	120
210	11	K1	6	12	0	120
211	8	K2	2	12	0	120
212	12	K2	6	10	0	120
213	12	K3	6	11	0	120
214	5	K1	7	11	0	120
215	8	K3	5	11	0	120
216	11	K1	7	9	0	120
217	1	K1	6	8	0	120
218	2	K2	4	8	0	120
219	12	K3	5	8	0	120
220	10	K3	6	13	0	120
221	3	K1	6	8	0	120
222	2	K1	1	11	0	120
223	9	K1	4	9	0	120
224	11	K1	6	8	0	120
225	10	K2	4	11	0	120
226	4	K2	2	13	0	120
227	7	K1	7	9	0	120
228	12	K1	5	12	0	120
229	8	K3	5	8	0	120
230	4	K3	6	13	0	120
231	9	K3	1	14	0	120
232	10	K1	5	14	0	120
233	10	K1	5	8	0	120
234	1	K3	1	12	0	120
235	10	K2	2	10	0	120
236	10	K2	1	10	0	120
237	2	K1	6	13	0	120
238	10	K3	2	10	0	120
239	4	K3	1	9	0	120
240	12	K2	2	14	0	120
241	10	K2	5	13	0	120
242	3	K3	7	8	0	120
243	5	K1	5	11	0	120
244	12	K3	5	12	0	120
245	7	K3	6	8	0	120
246	12	K3	7	14	0	120
247	6	K3	2	11	0	120
248	9	K1	6	14	0	120
249	9	K3	4	11	0	120
250	9	K3	6	11	0	120
251	6	K3	6	14	0	120
252	10	K3	5	8	0	120
253	9	K1	2	8	0	120
254	2	K3	6	13	0	120
255	10	K3	3	9	0	120
256	7	K2	1	10	0	120
257	2	K2	1	13	0	120
258	7	K3	4	12	0	120
259	10	K1	7	9	0	120
260	9	K3	5	14	0	120
261	2	K3	1	11	0	120
262	6	K3	2	11	0	120
263	9	K1	4	11	0	120
264	3	K1	7	8	0	120
265	6	K2	1	10	0	120
266	6	K1	3	9	0	120
267	1	K3	7	12	0	120
268	12	K3	5	12	0	120
269	6	K1	7	8	0	120
270	1	K2	5	14	0	120
271	7	K3	4	11	0	120
272	2	K2	6	14	0	120
273	3	K1	7	11	0	120
274	3	K3	5	10	0	120
275	11	K1	2	12	0	120
276	2	K2	5	10	0	120
277	6	K2	5	13	0	120
278	10	K2	4	9	0	120
279	6	K2	5	8	0	120
280	6	K3	2	8	0	120
281	10	K2	6	13	0	120
282	10	K3	4	13	0	120
283	1	K2	5	8	0	120
284	10	K2	4	8	0	120
285	10	K1	5	10	0	120
286	5	K1	1	8	0	120
287	3	K1	4	12	0	120
\.


--
-- Data for Name: mahasiswa; Type: TABLE DATA; Schema: public; Owner: postgres
--

COPY public.mahasiswa (id, nim, nama, "tahunMasuk", status, sex, "idPa", _created, _updated) FROM stdin;
5	2464094113	Andrew Santos	2016	aktif	perempuan	5	2020-05-10 12:52:01.940883	2020-05-10 12:52:01.940883
6	0586159828	Vera Ray	2015	aktif	perempuan	9	2020-05-10 12:52:01.940883	2020-05-10 12:52:01.940883
7	8688450663	Logan Simmons	2014	aktif	laki-laki	2	2020-05-10 12:52:01.940883	2020-05-10 12:52:01.940883
8	2887149273	Ryan Cox	2016	aktif	perempuan	2	2020-05-10 12:52:01.940883	2020-05-10 12:52:01.940883
9	5443032834	Elizabeth Burns	2015	aktif	perempuan	11	2020-05-10 12:52:01.940883	2020-05-10 12:52:01.940883
10	7133008468	Charlotte Wade	2015	aktif	perempuan	3	2020-05-10 12:52:01.940883	2020-05-10 12:52:01.940883
11	6714505171	Jordan Robinson	2016	aktif	perempuan	8	2020-05-10 12:52:01.940883	2020-05-10 12:52:01.940883
12	1214803869	Jeremy Waters	2016	aktif	perempuan	3	2020-05-10 12:52:01.940883	2020-05-10 12:52:01.940883
13	7012662702	Garrett Abbott	2014	aktif	perempuan	3	2020-05-10 12:52:01.940883	2020-05-10 12:52:01.940883
14	8005098104	Albert Blair	2015	aktif	perempuan	2	2020-05-10 12:52:01.940883	2020-05-10 12:52:01.940883
15	4016839092	Todd Gregory	2015	aktif	laki-laki	11	2020-05-10 12:52:01.940883	2020-05-10 12:52:01.940883
16	5648935866	Edgar Klein	2016	aktif	perempuan	1	2020-05-10 12:52:01.940883	2020-05-10 12:52:01.940883
17	1704935712	Cynthia Byrd	2014	aktif	laki-laki	4	2020-05-10 12:52:01.940883	2020-05-10 12:52:01.940883
18	0545891660	Jean Joseph	2015	aktif	laki-laki	10	2020-05-10 12:52:01.940883	2020-05-10 12:52:01.940883
19	6771952793	Brandon Fletcher	2016	aktif	perempuan	1	2020-05-10 12:52:01.940883	2020-05-10 12:52:01.940883
20	2904235513	Lida Romero	2016	aktif	perempuan	9	2020-05-10 12:52:01.940883	2020-05-10 12:52:01.940883
21	8116487194	Ada Kennedy	2016	aktif	laki-laki	4	2020-05-10 12:52:01.940883	2020-05-10 12:52:01.940883
22	1163365204	Bessie Lee	2015	aktif	laki-laki	7	2020-05-10 12:52:01.940883	2020-05-10 12:52:01.940883
23	5589307433	Ellen Stewart	2015	aktif	laki-laki	7	2020-05-10 12:52:01.940883	2020-05-10 12:52:01.940883
24	2788629418	Peter Matthews	2016	aktif	laki-laki	10	2020-05-10 12:52:01.940883	2020-05-10 12:52:01.940883
25	0605399663	Leroy Jimenez	2015	aktif	perempuan	6	2020-05-10 12:52:01.940883	2020-05-10 12:52:01.940883
26	2692611842	Jacob Cross	2016	aktif	laki-laki	7	2020-05-10 12:52:01.940883	2020-05-10 12:52:01.940883
27	4178819150	Theresa Knight	2014	aktif	laki-laki	9	2020-05-10 12:52:01.940883	2020-05-10 12:52:01.940883
28	4781144433	Lula Dean	2014	aktif	laki-laki	11	2020-05-10 12:52:01.940883	2020-05-10 12:52:01.940883
29	3168804740	Polly Barton	2015	aktif	laki-laki	6	2020-05-10 12:52:01.940883	2020-05-10 12:52:01.940883
30	2694498069	Jon Wilson	2016	aktif	perempuan	12	2020-05-10 12:52:01.940883	2020-05-10 12:52:01.940883
31	9802819799	Vernon Huff	2014	aktif	laki-laki	2	2020-05-10 12:52:01.940883	2020-05-10 12:52:01.940883
32	8224741796	Joshua Jordan	2016	aktif	laki-laki	7	2020-05-10 12:52:01.940883	2020-05-10 12:52:01.940883
33	4162165942	Sean Porter	2014	aktif	laki-laki	10	2020-05-10 12:52:01.940883	2020-05-10 12:52:01.940883
34	2858698548	Harold Becker	2015	aktif	laki-laki	7	2020-05-10 12:52:01.940883	2020-05-10 12:52:01.940883
35	6926730412	Belle Harrison	2015	aktif	laki-laki	2	2020-05-10 12:52:01.940883	2020-05-10 12:52:01.940883
36	0560820673	Teresa Cross	2014	aktif	perempuan	4	2020-05-10 12:52:01.940883	2020-05-10 12:52:01.940883
37	8222179614	Alan Murray	2014	aktif	laki-laki	7	2020-05-10 12:52:01.940883	2020-05-10 12:52:01.940883
38	9882157505	Alberta McDaniel	2014	aktif	perempuan	6	2020-05-10 12:52:01.940883	2020-05-10 12:52:01.940883
39	2166658592	Mamie Estrada	2014	aktif	perempuan	3	2020-05-10 12:52:01.940883	2020-05-10 12:52:01.940883
40	6763999917	Dylan Glover	2015	aktif	laki-laki	4	2020-05-10 12:52:01.940883	2020-05-10 12:52:01.940883
41	9500764068	Hunter Collins	2016	aktif	laki-laki	6	2020-05-10 12:52:01.940883	2020-05-10 12:52:01.940883
42	5044403202	Adeline Munoz	2016	aktif	perempuan	11	2020-05-10 12:52:01.940883	2020-05-10 12:52:01.940883
43	9957349840	Cynthia Adkins	2016	aktif	perempuan	6	2020-05-10 12:52:01.940883	2020-05-10 12:52:01.940883
44	4851259558	Isabelle Norton	2015	aktif	perempuan	8	2020-05-10 12:52:01.940883	2020-05-10 12:52:01.940883
45	4289041539	Teresa Porter	2015	aktif	laki-laki	9	2020-05-10 12:52:01.940883	2020-05-10 12:52:01.940883
46	0987042664	Connor Gray	2015	aktif	perempuan	3	2020-05-10 12:52:01.940883	2020-05-10 12:52:01.940883
47	9743205815	Brett Roy	2015	aktif	perempuan	1	2020-05-10 12:52:01.940883	2020-05-10 12:52:01.940883
48	2902117017	Loretta Dennis	2015	aktif	laki-laki	2	2020-05-10 12:52:01.940883	2020-05-10 12:52:01.940883
49	6622306825	Duane Brock	2014	aktif	perempuan	7	2020-05-10 12:52:01.940883	2020-05-10 12:52:01.940883
50	0663402115	Leon Norton	2014	aktif	laki-laki	9	2020-05-10 12:52:01.940883	2020-05-10 12:52:01.940883
51	0386956563	Vincent Richardson	2015	aktif	laki-laki	11	2020-05-10 12:52:01.940883	2020-05-10 12:52:01.940883
52	5692102820	Olive Klein	2014	aktif	laki-laki	6	2020-05-10 12:52:01.940883	2020-05-10 12:52:01.940883
53	2149151385	Jean Graham	2016	aktif	laki-laki	1	2020-05-10 12:52:01.940883	2020-05-10 12:52:01.940883
54	0722875866	Lulu Daniel	2014	aktif	perempuan	5	2020-05-10 12:52:01.940883	2020-05-10 12:52:01.940883
55	4379196120	Darrell Butler	2014	aktif	perempuan	9	2020-05-10 12:52:01.940883	2020-05-10 12:52:01.940883
56	3557168265	Della Kelley	2015	aktif	perempuan	4	2020-05-10 12:52:01.940883	2020-05-10 12:52:01.940883
57	3440781227	Aiden Clark	2016	aktif	perempuan	11	2020-05-10 12:52:01.940883	2020-05-10 12:52:01.940883
58	3959417937	Lucinda Marsh	2014	aktif	laki-laki	2	2020-05-10 12:52:01.940883	2020-05-10 12:52:01.940883
59	6991597644	Jean Ortiz	2014	aktif	perempuan	11	2020-05-10 12:52:01.940883	2020-05-10 12:52:01.940883
60	0767695396	Catherine Hill	2016	aktif	perempuan	12	2020-05-10 12:52:01.940883	2020-05-10 12:52:01.940883
61	4123976783	William Hernandez	2014	aktif	perempuan	12	2020-05-10 12:52:01.940883	2020-05-10 12:52:01.940883
62	8669588656	Lora Duncan	2016	aktif	perempuan	4	2020-05-10 12:52:01.940883	2020-05-10 12:52:01.940883
63	4071592943	Mildred Jefferson	2015	aktif	laki-laki	3	2020-05-10 12:52:01.940883	2020-05-10 12:52:01.940883
64	9157371612	Cody Zimmerman	2016	aktif	perempuan	8	2020-05-10 12:52:01.940883	2020-05-10 12:52:01.940883
65	9850660576	Charlie Wilson	2016	aktif	perempuan	2	2020-05-10 12:52:01.940883	2020-05-10 12:52:01.940883
66	5781066676	George Moran	2016	aktif	perempuan	6	2020-05-10 12:52:01.940883	2020-05-10 12:52:01.940883
67	8392509007	Jack Stone	2015	aktif	perempuan	12	2020-05-10 12:52:01.940883	2020-05-10 12:52:01.940883
68	6413155703	Theresa Vaughn	2014	aktif	perempuan	10	2020-05-10 12:52:01.940883	2020-05-10 12:52:01.940883
69	0153106881	Eugenia Tyler	2016	aktif	laki-laki	1	2020-05-10 12:52:01.940883	2020-05-10 12:52:01.940883
70	9686142079	Zachary Montgomery	2016	aktif	perempuan	4	2020-05-10 12:52:01.940883	2020-05-10 12:52:01.940883
71	2745561618	Lily McDaniel	2016	aktif	perempuan	11	2020-05-10 12:52:01.940883	2020-05-10 12:52:01.940883
72	0762148801	Claudia Wong	2016	aktif	laki-laki	3	2020-05-10 12:52:01.940883	2020-05-10 12:52:01.940883
73	3386680491	Juan Medina	2016	aktif	laki-laki	4	2020-05-10 12:52:01.940883	2020-05-10 12:52:01.940883
74	5936635229	Lida Ballard	2016	aktif	perempuan	4	2020-05-10 12:52:01.940883	2020-05-10 12:52:01.940883
75	3693361550	Emilie Coleman	2015	aktif	laki-laki	5	2020-05-10 12:52:01.940883	2020-05-10 12:52:01.940883
76	1170016754	Ina McGee	2016	aktif	laki-laki	8	2020-05-10 12:52:01.940883	2020-05-10 12:52:01.940883
77	2702948876	Florence Wagner	2016	aktif	perempuan	8	2020-05-10 12:52:01.940883	2020-05-10 12:52:01.940883
78	6018788265	Millie Burke	2016	aktif	perempuan	3	2020-05-10 12:52:01.940883	2020-05-10 12:52:01.940883
79	0527450005	Shawn Frazier	2016	aktif	laki-laki	7	2020-05-10 12:52:01.940883	2020-05-10 12:52:01.940883
80	4557690914	Randy Lee	2014	aktif	laki-laki	4	2020-05-10 12:52:01.940883	2020-05-10 12:52:01.940883
81	2763476255	Gilbert Strickland	2014	aktif	perempuan	7	2020-05-10 12:52:01.940883	2020-05-10 12:52:01.940883
82	1867850308	Lester Freeman	2015	aktif	laki-laki	8	2020-05-10 12:52:01.940883	2020-05-10 12:52:01.940883
83	6228067740	Lydia Keller	2015	aktif	perempuan	8	2020-05-10 12:52:01.940883	2020-05-10 12:52:01.940883
84	6300447118	Hallie Hale	2014	aktif	laki-laki	7	2020-05-10 12:52:01.940883	2020-05-10 12:52:01.940883
85	1086921836	Jimmy Harrison	2014	aktif	perempuan	6	2020-05-10 12:52:01.940883	2020-05-10 12:52:01.940883
86	6552960583	Joel Barnett	2015	aktif	perempuan	8	2020-05-10 12:52:01.940883	2020-05-10 12:52:01.940883
87	7671894359	Flora Duncan	2015	aktif	laki-laki	1	2020-05-10 12:52:01.940883	2020-05-10 12:52:01.940883
88	5680169268	Isaiah Rose	2014	aktif	perempuan	1	2020-05-10 12:52:01.940883	2020-05-10 12:52:01.940883
4	7403272437	Hilda Abbott	2016	aktif	laki-laki	9	2020-05-10 12:52:01.940883	2020-05-12 13:13:19.48566
3	6699544543	Paul Medina	2015	aktif	perempuan	14	2020-05-10 12:52:01.940883	2020-05-12 14:21:51.126616
89	6703985898	Fanny Elliott	2014	aktif	perempuan	1	2020-05-10 12:52:01.940883	2020-05-10 12:52:01.940883
90	5810714305	Jared Nguyen	2015	aktif	perempuan	2	2020-05-10 12:52:01.940883	2020-05-10 12:52:01.940883
91	2587302544	Teresa Parks	2014	aktif	perempuan	2	2020-05-10 12:52:01.940883	2020-05-10 12:52:01.940883
92	9785140599	Jerry Young	2014	aktif	perempuan	4	2020-05-10 12:52:01.940883	2020-05-10 12:52:01.940883
93	3568130263	Alex Fisher	2015	aktif	perempuan	7	2020-05-10 12:52:01.940883	2020-05-10 12:52:01.940883
94	3006907405	Mittie Schwartz	2015	aktif	laki-laki	6	2020-05-10 12:52:01.940883	2020-05-10 12:52:01.940883
95	3982410348	Sadie Adams	2016	aktif	laki-laki	6	2020-05-10 12:52:01.940883	2020-05-10 12:52:01.940883
96	3848674281	Jack Lynch	2016	aktif	perempuan	9	2020-05-10 12:52:01.940883	2020-05-10 12:52:01.940883
97	6246564429	Sue Austin	2015	aktif	perempuan	6	2020-05-10 12:52:01.940883	2020-05-10 12:52:01.940883
98	4307913734	Eric Burgess	2015	aktif	perempuan	3	2020-05-10 12:52:01.940883	2020-05-10 12:52:01.940883
99	6513224611	Essie Bowman	2014	aktif	laki-laki	12	2020-05-10 12:52:01.940883	2020-05-10 12:52:01.940883
100	8084565725	Sally Martin	2014	aktif	laki-laki	12	2020-05-10 12:52:01.940883	2020-05-10 12:52:01.940883
101	0868606160	Herbert Saunders	2015	aktif	laki-laki	6	2020-05-10 12:52:01.940883	2020-05-10 12:52:01.940883
102	7567850326	Theodore Wallace	2014	aktif	laki-laki	1	2020-05-10 12:52:01.940883	2020-05-10 12:52:01.940883
103	6601786954	Christina Lopez	2014	aktif	laki-laki	10	2020-05-10 12:52:01.940883	2020-05-10 12:52:01.940883
104	2127742975	Ina Jefferson	2016	aktif	laki-laki	8	2020-05-10 12:52:01.940883	2020-05-10 12:52:01.940883
105	2757838256	Vera Buchanan	2014	aktif	perempuan	8	2020-05-10 12:52:01.940883	2020-05-10 12:52:01.940883
106	4948543449	Maude Reed	2015	aktif	laki-laki	1	2020-05-10 12:52:01.940883	2020-05-10 12:52:01.940883
107	1340074544	Russell Bowen	2016	aktif	laki-laki	9	2020-05-10 12:52:01.940883	2020-05-10 12:52:01.940883
108	3998295672	Dustin Peters	2014	aktif	laki-laki	11	2020-05-10 12:52:01.940883	2020-05-10 12:52:01.940883
109	9207446839	Chad Hamilton	2014	aktif	laki-laki	6	2020-05-10 12:52:01.940883	2020-05-10 12:52:01.940883
110	8820861051	Tom Watts	2014	aktif	perempuan	4	2020-05-10 12:52:01.940883	2020-05-10 12:52:01.940883
111	4543248701	Cory Alexander	2016	aktif	perempuan	9	2020-05-10 12:52:01.940883	2020-05-10 12:52:01.940883
112	4808963347	Flora Weaver	2016	aktif	perempuan	9	2020-05-10 12:52:01.940883	2020-05-10 12:52:01.940883
113	9244376838	Alta Simpson	2015	aktif	laki-laki	8	2020-05-10 12:52:01.940883	2020-05-10 12:52:01.940883
114	0233416991	Ada Rhodes	2014	aktif	perempuan	3	2020-05-10 12:52:01.940883	2020-05-10 12:52:01.940883
115	9099647266	Lola Torres	2016	aktif	perempuan	11	2020-05-10 12:52:01.940883	2020-05-10 12:52:01.940883
116	0100907049	Hannah Harrington	2014	aktif	laki-laki	2	2020-05-10 12:52:01.940883	2020-05-10 12:52:01.940883
117	8482431626	Victor Davidson	2015	aktif	laki-laki	6	2020-05-10 12:52:01.940883	2020-05-10 12:52:01.940883
118	5696145492	Randall McLaughlin	2016	aktif	perempuan	5	2020-05-10 12:52:01.940883	2020-05-10 12:52:01.940883
119	4270738545	Isabel Fletcher	2016	aktif	perempuan	3	2020-05-10 12:52:01.940883	2020-05-10 12:52:01.940883
120	2270682363	Devin Colon	2015	aktif	perempuan	1	2020-05-10 12:52:01.940883	2020-05-10 12:52:01.940883
121	5035552038	Herman Marsh	2014	aktif	perempuan	3	2020-05-10 12:52:01.940883	2020-05-10 12:52:01.940883
122	7623954632	Cornelia Austin	2015	aktif	perempuan	2	2020-05-10 12:52:01.940883	2020-05-10 12:52:01.940883
123	2445229921	Lucas Rogers	2016	aktif	laki-laki	6	2020-05-10 12:52:01.940883	2020-05-10 12:52:01.940883
124	5208180651	Adelaide Fitzgerald	2015	aktif	laki-laki	4	2020-05-10 12:52:01.940883	2020-05-10 12:52:01.940883
125	8148265685	Allie Webb	2016	aktif	perempuan	2	2020-05-10 12:52:01.940883	2020-05-10 12:52:01.940883
126	4420890038	Warren Day	2015	aktif	perempuan	3	2020-05-10 12:52:01.940883	2020-05-10 12:52:01.940883
127	1583824469	Philip Harper	2016	aktif	laki-laki	6	2020-05-10 12:52:01.940883	2020-05-10 12:52:01.940883
128	9481043003	Blanche Curtis	2016	aktif	laki-laki	12	2020-05-10 12:52:01.940883	2020-05-10 12:52:01.940883
129	3743915657	Don Carr	2014	aktif	laki-laki	2	2020-05-10 12:52:01.940883	2020-05-10 12:52:01.940883
130	1357600627	Frances Keller	2015	aktif	perempuan	4	2020-05-10 12:52:01.940883	2020-05-10 12:52:01.940883
131	5227804855	Ollie McKinney	2014	aktif	perempuan	5	2020-05-10 12:52:01.940883	2020-05-10 12:52:01.940883
132	8136985572	Kevin Steele	2014	aktif	perempuan	3	2020-05-10 12:52:01.940883	2020-05-10 12:52:01.940883
133	6570064247	Melvin Freeman	2016	aktif	perempuan	10	2020-05-10 12:52:01.940883	2020-05-10 12:52:01.940883
134	2142854821	Brandon Parsons	2015	aktif	laki-laki	11	2020-05-10 12:52:01.940883	2020-05-10 12:52:01.940883
135	3914524216	Jerry Griffin	2016	aktif	laki-laki	4	2020-05-10 12:52:01.940883	2020-05-10 12:52:01.940883
136	4524820623	Jeremiah Moore	2014	aktif	perempuan	9	2020-05-10 12:52:01.940883	2020-05-10 12:52:01.940883
137	0332460362	Ina Rodriquez	2016	aktif	perempuan	5	2020-05-10 12:52:01.940883	2020-05-10 12:52:01.940883
138	1036830556	Ethel Mullins	2015	aktif	perempuan	7	2020-05-10 12:52:01.940883	2020-05-10 12:52:01.940883
139	8027714491	Helen Reyes	2016	aktif	laki-laki	9	2020-05-10 12:52:01.940883	2020-05-10 12:52:01.940883
140	9039197498	Hallie Adkins	2014	aktif	perempuan	3	2020-05-10 12:52:01.940883	2020-05-10 12:52:01.940883
141	8246326090	Thomas Pratt	2016	aktif	perempuan	1	2020-05-10 12:52:01.940883	2020-05-10 12:52:01.940883
142	3502167929	Jeffery Maldonado	2015	aktif	laki-laki	10	2020-05-10 12:52:01.940883	2020-05-10 12:52:01.940883
143	0454052207	Stanley Hodges	2015	aktif	perempuan	2	2020-05-10 12:52:01.940883	2020-05-10 12:52:01.940883
144	5789021521	Mary Bennett	2015	aktif	perempuan	7	2020-05-10 12:52:01.940883	2020-05-10 12:52:01.940883
145	4671560603	Frederick Swanson	2016	aktif	laki-laki	8	2020-05-10 12:52:01.940883	2020-05-10 12:52:01.940883
146	5131651782	Bradley Cobb	2015	aktif	laki-laki	1	2020-05-10 12:52:01.940883	2020-05-10 12:52:01.940883
147	6206419829	Jayden Willis	2016	aktif	laki-laki	2	2020-05-10 12:52:01.940883	2020-05-10 12:52:01.940883
148	3147895459	May Taylor	2016	aktif	perempuan	9	2020-05-10 12:52:01.940883	2020-05-10 12:52:01.940883
149	8195406601	Victoria Austin	2015	aktif	perempuan	11	2020-05-10 12:52:01.940883	2020-05-10 12:52:01.940883
150	5245367827	Eddie Phelps	2014	aktif	perempuan	12	2020-05-10 12:52:01.940883	2020-05-10 12:52:01.940883
151	0042377389	Sean Chavez	2016	aktif	laki-laki	3	2020-05-10 12:52:01.940883	2020-05-10 12:52:01.940883
152	6142360810	Lilly Hudson	2016	aktif	perempuan	2	2020-05-10 12:52:01.940883	2020-05-10 12:52:01.940883
153	9278642799	Bruce Snyder	2016	aktif	perempuan	4	2020-05-10 12:52:01.940883	2020-05-10 12:52:01.940883
154	7774914513	Logan Baker	2015	aktif	perempuan	7	2020-05-10 12:52:01.940883	2020-05-10 12:52:01.940883
155	0928204816	Lewis Stevenson	2016	aktif	perempuan	7	2020-05-10 12:52:01.940883	2020-05-10 12:52:01.940883
156	0403386716	Clara Nash	2014	aktif	laki-laki	3	2020-05-10 12:52:01.940883	2020-05-10 12:52:01.940883
157	8231725495	Dean Wolfe	2014	aktif	laki-laki	7	2020-05-10 12:52:01.940883	2020-05-10 12:52:01.940883
158	1114733875	Grace Jordan	2015	aktif	perempuan	10	2020-05-10 12:52:01.940883	2020-05-10 12:52:01.940883
159	0381891826	Larry Christensen	2015	aktif	perempuan	3	2020-05-10 12:52:01.940883	2020-05-10 12:52:01.940883
160	5229414611	Adam Perkins	2016	aktif	laki-laki	5	2020-05-10 12:52:01.940883	2020-05-10 12:52:01.940883
161	9226482527	Mittie Mathis	2014	aktif	laki-laki	3	2020-05-10 12:52:01.940883	2020-05-10 12:52:01.940883
162	0365524737	Eugene Salazar	2015	aktif	laki-laki	2	2020-05-10 12:52:01.940883	2020-05-10 12:52:01.940883
163	4563749462	Ethel Ray	2016	aktif	perempuan	6	2020-05-10 12:52:01.940883	2020-05-10 12:52:01.940883
164	9745789969	Abbie Hubbard	2015	aktif	perempuan	1	2020-05-10 12:52:01.940883	2020-05-10 12:52:01.940883
165	6376116214	Iva Conner	2015	aktif	laki-laki	6	2020-05-10 12:52:01.940883	2020-05-10 12:52:01.940883
166	5937450104	Beatrice Santiago	2015	aktif	laki-laki	7	2020-05-10 12:52:01.940883	2020-05-10 12:52:01.940883
167	0829344462	Sophia Logan	2014	aktif	perempuan	6	2020-05-10 12:52:01.940883	2020-05-10 12:52:01.940883
168	3615549148	Arthur Howard	2015	aktif	perempuan	8	2020-05-10 12:52:01.940883	2020-05-10 12:52:01.940883
169	6566108996	Linnie Rowe	2014	aktif	laki-laki	6	2020-05-10 12:52:01.940883	2020-05-10 12:52:01.940883
170	0120252421	Eula Horton	2016	aktif	perempuan	11	2020-05-10 12:52:01.940883	2020-05-10 12:52:01.940883
171	5934235893	Raymond Cain	2015	aktif	laki-laki	2	2020-05-10 12:52:01.940883	2020-05-10 12:52:01.940883
172	3706698852	Jon Clayton	2016	aktif	laki-laki	8	2020-05-10 12:52:01.940883	2020-05-10 12:52:01.940883
173	3177835177	Christian Lamb	2014	aktif	laki-laki	7	2020-05-10 12:52:01.940883	2020-05-10 12:52:01.940883
174	1789000822	Derek Marshall	2016	aktif	perempuan	3	2020-05-10 12:52:01.940883	2020-05-10 12:52:01.940883
175	4912053288	Elmer Fowler	2016	aktif	laki-laki	12	2020-05-10 12:52:01.940883	2020-05-10 12:52:01.940883
176	6599658502	Fanny Walker	2016	aktif	perempuan	10	2020-05-10 12:52:01.940883	2020-05-10 12:52:01.940883
177	4811971923	Nina Gordon	2014	aktif	laki-laki	1	2020-05-10 12:52:01.940883	2020-05-10 12:52:01.940883
178	4490986773	Harry Weaver	2016	aktif	laki-laki	6	2020-05-10 12:52:01.940883	2020-05-10 12:52:01.940883
179	4831231586	Albert Porter	2014	aktif	perempuan	12	2020-05-10 12:52:01.940883	2020-05-10 12:52:01.940883
180	8358888098	Harriett Guzman	2014	aktif	perempuan	12	2020-05-10 12:52:01.940883	2020-05-10 12:52:01.940883
181	1844322160	Johnny Hopkins	2014	aktif	perempuan	8	2020-05-10 12:52:01.940883	2020-05-10 12:52:01.940883
182	8726965302	Bettie Thomas	2014	aktif	perempuan	7	2020-05-10 12:52:01.940883	2020-05-10 12:52:01.940883
183	9021309779	Eugenia Guerrero	2015	aktif	perempuan	10	2020-05-10 12:52:01.940883	2020-05-10 12:52:01.940883
184	7969151968	Thomas Shaw	2015	aktif	perempuan	1	2020-05-10 12:52:01.940883	2020-05-10 12:52:01.940883
185	5979695562	Darrell McGuire	2014	aktif	laki-laki	9	2020-05-10 12:52:01.940883	2020-05-10 12:52:01.940883
186	7944919479	Thomas Young	2014	aktif	perempuan	3	2020-05-10 12:52:01.940883	2020-05-10 12:52:01.940883
187	8372763122	Carolyn Carpenter	2015	aktif	perempuan	10	2020-05-10 12:52:01.940883	2020-05-10 12:52:01.940883
188	6522208894	Donald Banks	2014	aktif	laki-laki	8	2020-05-10 12:52:01.940883	2020-05-10 12:52:01.940883
189	5990776547	Dollie Silva	2016	aktif	laki-laki	1	2020-05-10 12:52:01.940883	2020-05-10 12:52:01.940883
190	9137935870	Lina Meyer	2014	aktif	perempuan	12	2020-05-10 12:52:01.940883	2020-05-10 12:52:01.940883
191	4584656921	Nettie Lane	2015	aktif	laki-laki	5	2020-05-10 12:52:01.940883	2020-05-10 12:52:01.940883
192	2279564474	Roxie Jimenez	2016	aktif	perempuan	7	2020-05-10 12:52:01.940883	2020-05-10 12:52:01.940883
193	9339439765	Teresa McKenzie	2014	aktif	perempuan	11	2020-05-10 12:52:01.940883	2020-05-10 12:52:01.940883
194	0279532568	Connor Hale	2016	aktif	laki-laki	4	2020-05-10 12:52:01.940883	2020-05-10 12:52:01.940883
195	3563873990	Vincent Welch	2015	aktif	perempuan	1	2020-05-10 12:52:01.940883	2020-05-10 12:52:01.940883
196	4180587802	Ruby Cobb	2016	aktif	perempuan	7	2020-05-10 12:52:01.940883	2020-05-10 12:52:01.940883
197	6429747398	Gabriel Cooper	2015	aktif	perempuan	4	2020-05-10 12:52:01.940883	2020-05-10 12:52:01.940883
198	2172100148	Lora Stewart	2016	aktif	perempuan	5	2020-05-10 12:52:01.940883	2020-05-10 12:52:01.940883
199	2939358035	Sue Zimmerman	2015	aktif	laki-laki	3	2020-05-10 12:52:01.940883	2020-05-10 12:52:01.940883
200	8309335824	George Griffin	2016	aktif	laki-laki	8	2020-05-10 12:52:01.940883	2020-05-10 12:52:01.940883
201	3386972161	Johnny Paul	2014	aktif	perempuan	3	2020-05-10 12:52:01.940883	2020-05-10 12:52:01.940883
202	1667199614	Estella Bradley	2015	aktif	laki-laki	11	2020-05-10 12:52:01.940883	2020-05-10 12:52:01.940883
203	6487887295	Noah Bishop	2015	aktif	perempuan	7	2020-05-10 12:52:01.940883	2020-05-10 12:52:01.940883
204	5818662174	Rhoda Reese	2016	aktif	perempuan	9	2020-05-10 12:52:01.940883	2020-05-10 12:52:01.940883
205	0354586321	Hannah Morales	2016	aktif	laki-laki	4	2020-05-10 12:52:01.940883	2020-05-10 12:52:01.940883
206	8507528525	Glenn McCoy	2016	aktif	laki-laki	4	2020-05-10 12:52:01.940883	2020-05-10 12:52:01.940883
207	4626115674	Julia Campbell	2016	aktif	laki-laki	2	2020-05-10 12:52:01.940883	2020-05-10 12:52:01.940883
208	9428966855	Essie Saunders	2014	aktif	laki-laki	12	2020-05-10 12:52:01.940883	2020-05-10 12:52:01.940883
209	7213545996	Bernard Chandler	2015	aktif	perempuan	10	2020-05-10 12:52:01.940883	2020-05-10 12:52:01.940883
210	7161663643	Chester Dixon	2016	aktif	perempuan	3	2020-05-10 12:52:01.940883	2020-05-10 12:52:01.940883
211	4024962898	Shawn Carr	2014	aktif	perempuan	6	2020-05-10 12:52:01.940883	2020-05-10 12:52:01.940883
212	0546483994	Polly Mendez	2015	aktif	laki-laki	5	2020-05-10 12:52:01.940883	2020-05-10 12:52:01.940883
213	4633165123	Rosa Watkins	2016	aktif	perempuan	8	2020-05-10 12:52:01.940883	2020-05-10 12:52:01.940883
214	3479262092	Viola Burgess	2016	aktif	perempuan	11	2020-05-10 12:52:01.940883	2020-05-10 12:52:01.940883
215	3797915076	Blake Miller	2015	aktif	laki-laki	3	2020-05-10 12:52:01.940883	2020-05-10 12:52:01.940883
216	9137461634	Frank Colon	2015	aktif	laki-laki	8	2020-05-10 12:52:01.940883	2020-05-10 12:52:01.940883
217	7401153258	Kevin Ramos	2015	aktif	laki-laki	1	2020-05-10 12:52:01.940883	2020-05-10 12:52:01.940883
218	4532920884	Craig Ward	2015	aktif	laki-laki	4	2020-05-10 12:52:01.940883	2020-05-10 12:52:01.940883
219	6612159803	Caleb Moody	2014	aktif	perempuan	12	2020-05-10 12:52:01.940883	2020-05-10 12:52:01.940883
220	5097067047	Nathan Jacobs	2016	aktif	laki-laki	3	2020-05-10 12:52:01.940883	2020-05-10 12:52:01.940883
221	3982481943	Tommy Brooks	2015	aktif	perempuan	8	2020-05-10 12:52:01.940883	2020-05-10 12:52:01.940883
222	3047553454	Janie Warner	2015	aktif	perempuan	5	2020-05-10 12:52:01.940883	2020-05-10 12:52:01.940883
223	6452625813	Lillian Owen	2015	aktif	laki-laki	4	2020-05-10 12:52:01.940883	2020-05-10 12:52:01.940883
224	3786846179	Nelle Swanson	2016	aktif	laki-laki	3	2020-05-10 12:52:01.940883	2020-05-10 12:52:01.940883
225	1127731512	Mable Lloyd	2015	aktif	perempuan	5	2020-05-10 12:52:01.940883	2020-05-10 12:52:01.940883
226	7419496785	Benjamin Ellis	2015	aktif	laki-laki	5	2020-05-10 12:52:01.940883	2020-05-10 12:52:01.940883
227	9311038732	Raymond Young	2015	aktif	perempuan	7	2020-05-10 12:52:01.940883	2020-05-10 12:52:01.940883
228	0856826486	Rosetta Manning	2016	aktif	laki-laki	10	2020-05-10 12:52:01.940883	2020-05-10 12:52:01.940883
229	2948737195	Virgie Barnett	2014	aktif	laki-laki	2	2020-05-10 12:52:01.940883	2020-05-10 12:52:01.940883
230	9488312014	Logan Ortega	2016	aktif	perempuan	5	2020-05-10 12:52:01.940883	2020-05-10 12:52:01.940883
231	2073058310	Dorothy Vargas	2016	aktif	perempuan	1	2020-05-10 12:52:01.940883	2020-05-10 12:52:01.940883
232	4715607485	Nicholas Graham	2014	aktif	laki-laki	8	2020-05-10 12:52:01.940883	2020-05-10 12:52:01.940883
233	6110738439	Alta Stevenson	2016	aktif	perempuan	6	2020-05-10 12:52:01.940883	2020-05-10 12:52:01.940883
234	8813622352	Lawrence Vasquez	2014	aktif	laki-laki	8	2020-05-10 12:52:01.940883	2020-05-10 12:52:01.940883
235	4209913316	Marcus Williamson	2015	aktif	laki-laki	1	2020-05-10 12:52:01.940883	2020-05-10 12:52:01.940883
236	5761033081	Elijah Barker	2016	aktif	laki-laki	10	2020-05-10 12:52:01.940883	2020-05-10 12:52:01.940883
237	4443097808	Olga Bishop	2014	aktif	laki-laki	2	2020-05-10 12:52:01.940883	2020-05-10 12:52:01.940883
238	7655104200	Claudia Briggs	2016	aktif	perempuan	2	2020-05-10 12:52:01.940883	2020-05-10 12:52:01.940883
239	1033693389	Winnie Mann	2016	aktif	laki-laki	6	2020-05-10 12:52:01.940883	2020-05-10 12:52:01.940883
240	7184504473	Max Arnold	2014	aktif	perempuan	7	2020-05-10 12:52:01.940883	2020-05-10 12:52:01.940883
241	1381707394	Bertie Frank	2015	aktif	laki-laki	3	2020-05-10 12:52:01.940883	2020-05-10 12:52:01.940883
242	2592228006	Lloyd Pena	2014	aktif	perempuan	4	2020-05-10 12:52:01.940883	2020-05-10 12:52:01.940883
243	4334722675	Alice Robertson	2014	aktif	laki-laki	2	2020-05-10 12:52:01.940883	2020-05-10 12:52:01.940883
244	5891864423	Randall Thomas	2016	aktif	perempuan	2	2020-05-10 12:52:01.940883	2020-05-10 12:52:01.940883
245	0784335116	Delia Fisher	2016	aktif	laki-laki	12	2020-05-10 12:52:01.940883	2020-05-10 12:52:01.940883
246	0201219971	Edward Gordon	2016	aktif	perempuan	6	2020-05-10 12:52:01.940883	2020-05-10 12:52:01.940883
247	6287276332	Lottie Castro	2014	aktif	perempuan	11	2020-05-10 12:52:01.940883	2020-05-10 12:52:01.940883
248	1590915604	Abbie Lamb	2015	aktif	laki-laki	8	2020-05-10 12:52:01.940883	2020-05-10 12:52:01.940883
249	6858692146	Calvin Robinson	2016	aktif	laki-laki	4	2020-05-10 12:52:01.940883	2020-05-10 12:52:01.940883
250	8468722314	Ola Joseph	2016	aktif	perempuan	4	2020-05-10 12:52:01.940883	2020-05-10 12:52:01.940883
251	3248778101	Allen Perez	2014	aktif	perempuan	7	2020-05-10 12:52:01.940883	2020-05-10 12:52:01.940883
252	7628523473	Chad Aguilar	2015	aktif	laki-laki	11	2020-05-10 12:52:01.940883	2020-05-10 12:52:01.940883
253	3654109721	Maria Gutierrez	2016	aktif	laki-laki	12	2020-05-10 12:52:01.940883	2020-05-10 12:52:01.940883
254	6477846138	Jeff Lindsey	2016	aktif	laki-laki	11	2020-05-10 12:52:01.940883	2020-05-10 12:52:01.940883
255	6683820162	Jerry Alvarez	2016	aktif	laki-laki	5	2020-05-10 12:52:01.940883	2020-05-10 12:52:01.940883
256	1583258719	Violet Daniels	2014	aktif	perempuan	6	2020-05-10 12:52:01.940883	2020-05-10 12:52:01.940883
257	5691555478	Rose McDaniel	2015	aktif	perempuan	4	2020-05-10 12:52:01.940883	2020-05-10 12:52:01.940883
258	8083119373	Ellen Daniel	2015	aktif	perempuan	12	2020-05-10 12:52:01.940883	2020-05-10 12:52:01.940883
259	4649511642	Betty Herrera	2015	aktif	laki-laki	11	2020-05-10 12:52:01.940883	2020-05-10 12:52:01.940883
260	6441136038	George Ross	2015	aktif	perempuan	3	2020-05-10 12:52:01.940883	2020-05-10 12:52:01.940883
261	2675743459	Curtis Holland	2015	aktif	laki-laki	9	2020-05-10 12:52:01.940883	2020-05-10 12:52:01.940883
262	9301382973	Herbert Adams	2015	aktif	laki-laki	11	2020-05-10 12:52:01.940883	2020-05-10 12:52:01.940883
263	9465079982	Ethel Hart	2014	aktif	laki-laki	8	2020-05-10 12:52:01.940883	2020-05-10 12:52:01.940883
264	0026666714	Bernard Padilla	2014	aktif	laki-laki	12	2020-05-10 12:52:01.940883	2020-05-10 12:52:01.940883
265	9058117629	Ella Jackson	2014	aktif	perempuan	7	2020-05-10 12:52:01.940883	2020-05-10 12:52:01.940883
266	8963540028	Blanche Daniels	2016	aktif	perempuan	9	2020-05-10 12:52:01.940883	2020-05-10 12:52:01.940883
267	2536665078	Evelyn Henderson	2015	aktif	laki-laki	5	2020-05-10 12:52:01.940883	2020-05-10 12:52:01.940883
268	2730715342	Chad Goodman	2015	aktif	laki-laki	7	2020-05-10 12:52:01.940883	2020-05-10 12:52:01.940883
269	3511836619	Cynthia Sanchez	2016	aktif	laki-laki	1	2020-05-10 12:52:01.940883	2020-05-10 12:52:01.940883
270	1837637853	Kenneth Thompson	2016	aktif	perempuan	8	2020-05-10 12:52:01.940883	2020-05-10 12:52:01.940883
271	0211369244	Sara Fisher	2014	aktif	perempuan	4	2020-05-10 12:52:01.940883	2020-05-10 12:52:01.940883
272	5672996784	Jack Brooks	2016	aktif	perempuan	6	2020-05-10 12:52:01.940883	2020-05-10 12:52:01.940883
273	4270220350	Clayton Richardson	2015	aktif	perempuan	10	2020-05-10 12:52:01.940883	2020-05-10 12:52:01.940883
274	5183030871	Luella Simpson	2016	aktif	perempuan	2	2020-05-10 12:52:01.940883	2020-05-10 12:52:01.940883
275	5871649012	Christopher Fitzgerald	2016	aktif	perempuan	7	2020-05-10 12:52:01.940883	2020-05-10 12:52:01.940883
276	6457519085	Sarah Todd	2016	aktif	laki-laki	4	2020-05-10 12:52:01.940883	2020-05-10 12:52:01.940883
277	1750405732	Brett Garrett	2014	aktif	laki-laki	2	2020-05-10 12:52:01.940883	2020-05-10 12:52:01.940883
278	9845218973	Julian McCarthy	2016	aktif	laki-laki	12	2020-05-10 12:52:01.940883	2020-05-10 12:52:01.940883
279	9345589512	Sara Stephens	2015	aktif	laki-laki	9	2020-05-10 12:52:01.940883	2020-05-10 12:52:01.940883
280	2928469790	Tommy Cobb	2016	aktif	laki-laki	6	2020-05-10 12:52:01.940883	2020-05-10 12:52:01.940883
281	2074087802	Jeremy Lambert	2015	aktif	laki-laki	5	2020-05-10 12:52:01.940883	2020-05-10 12:52:01.940883
282	9869913596	Bess Ballard	2015	aktif	laki-laki	3	2020-05-10 12:52:01.940883	2020-05-10 12:52:01.940883
283	6389103834	Eula Smith	2016	aktif	perempuan	9	2020-05-10 12:52:01.940883	2020-05-10 12:52:01.940883
284	5740982550	Craig Morton	2014	aktif	perempuan	2	2020-05-10 12:52:01.940883	2020-05-10 12:52:01.940883
285	9332024631	Brandon Hughes	2015	aktif	perempuan	2	2020-05-10 12:52:01.940883	2020-05-10 12:52:01.940883
286	9576216111	Lettie Walton	2015	aktif	laki-laki	7	2020-05-10 12:52:01.940883	2020-05-10 12:52:01.940883
287	4147940841	Lulu Elliott	2014	aktif	perempuan	7	2020-05-10 12:52:01.940883	2020-05-10 12:52:01.940883
288	9546534662	Curtis Schultz	2016	aktif	laki-laki	7	2020-05-10 12:52:01.940883	2020-05-10 12:52:01.940883
289	1452862329	Ricky Sims	2016	aktif	laki-laki	8	2020-05-10 12:52:01.940883	2020-05-10 12:52:01.940883
290	3129115012	Maurice Gilbert	2014	aktif	laki-laki	3	2020-05-10 12:52:01.940883	2020-05-10 12:52:01.940883
291	7395425180	Troy Sharp	2014	aktif	perempuan	5	2020-05-10 12:52:01.940883	2020-05-10 12:52:01.940883
292	1009600762	Adam Jimenez	2016	aktif	perempuan	9	2020-05-10 12:52:01.940883	2020-05-10 12:52:01.940883
293	0964925908	Logan Reyes	2014	aktif	laki-laki	11	2020-05-10 12:52:01.940883	2020-05-10 12:52:01.940883
294	1719623597	Harriet Murphy	2014	aktif	perempuan	10	2020-05-10 12:52:01.940883	2020-05-10 12:52:01.940883
295	5418202838	Luis Rice	2016	aktif	laki-laki	2	2020-05-10 12:52:01.940883	2020-05-10 12:52:01.940883
296	6027170043	Ina Logan	2015	aktif	laki-laki	9	2020-05-10 12:52:01.940883	2020-05-10 12:52:01.940883
297	1633587335	Leon Peterson	2015	aktif	perempuan	10	2020-05-10 12:52:01.940883	2020-05-10 12:52:01.940883
298	6301714330	Nancy Cross	2016	aktif	laki-laki	10	2020-05-10 12:52:01.940883	2020-05-10 12:52:01.940883
299	5647339154	Edgar McGuire	2014	aktif	laki-laki	5	2020-05-10 12:52:01.940883	2020-05-10 12:52:01.940883
300	4144495096	Leo Woods	2015	aktif	perempuan	11	2020-05-10 12:52:01.940883	2020-05-10 12:52:01.940883
301	3277754695	Jay Stokes	2015	aktif	perempuan	1	2020-05-10 12:52:01.940883	2020-05-10 12:52:01.940883
302	2000556131	Mary Ford	2015	aktif	perempuan	9	2020-05-10 12:52:01.940883	2020-05-10 12:52:01.940883
303	9641070508	Billy Robbins	2015	aktif	perempuan	7	2020-05-10 12:52:01.940883	2020-05-10 12:52:01.940883
304	4195555088	Abbie Neal	2016	aktif	laki-laki	10	2020-05-10 12:52:01.940883	2020-05-10 12:52:01.940883
305	7454263596	Darrell Sherman	2016	aktif	perempuan	6	2020-05-10 12:52:01.940883	2020-05-10 12:52:01.940883
306	9023878785	Madge Stephens	2015	aktif	laki-laki	11	2020-05-10 12:52:01.940883	2020-05-10 12:52:01.940883
307	7346147372	Philip Tyler	2015	aktif	laki-laki	8	2020-05-10 12:52:01.940883	2020-05-10 12:52:01.940883
308	0650173986	Lloyd Marshall	2015	aktif	perempuan	11	2020-05-10 12:52:01.940883	2020-05-10 12:52:01.940883
309	0257312482	Gene Hudson	2014	aktif	perempuan	6	2020-05-10 12:52:01.940883	2020-05-10 12:52:01.940883
310	5139922596	Brian Jones	2016	aktif	perempuan	6	2020-05-10 12:52:01.940883	2020-05-10 12:52:01.940883
311	0684326771	Sally Woods	2016	aktif	perempuan	2	2020-05-10 12:52:01.940883	2020-05-10 12:52:01.940883
312	6544779271	Jeremy Woods	2014	aktif	laki-laki	9	2020-05-10 12:52:01.940883	2020-05-10 12:52:01.940883
313	4756803620	Tony Rowe	2015	aktif	perempuan	5	2020-05-10 12:52:01.940883	2020-05-10 12:52:01.940883
314	3334360110	Henry Graves	2014	aktif	laki-laki	1	2020-05-10 12:52:01.940883	2020-05-10 12:52:01.940883
315	6344725674	Erik Evans	2016	aktif	laki-laki	7	2020-05-10 12:52:01.940883	2020-05-10 12:52:01.940883
316	9515195752	Brett McDonald	2015	aktif	perempuan	6	2020-05-10 12:52:01.940883	2020-05-10 12:52:01.940883
317	0034580659	Tillie Long	2016	aktif	perempuan	10	2020-05-10 12:52:01.940883	2020-05-10 12:52:01.940883
318	0450534395	Ivan Wagner	2014	aktif	laki-laki	5	2020-05-10 12:52:01.940883	2020-05-10 12:52:01.940883
319	0874902214	Loretta Torres	2016	aktif	perempuan	10	2020-05-10 12:52:01.940883	2020-05-10 12:52:01.940883
320	3861353813	Alejandro Porter	2016	aktif	laki-laki	2	2020-05-10 12:52:01.940883	2020-05-10 12:52:01.940883
321	8130925549	Nell Armstrong	2015	aktif	perempuan	11	2020-05-10 12:52:01.940883	2020-05-10 12:52:01.940883
322	4312468678	Adrian West	2015	aktif	laki-laki	7	2020-05-10 12:52:01.940883	2020-05-10 12:52:01.940883
323	6407177424	Travis Schneider	2014	aktif	perempuan	7	2020-05-10 12:52:01.940883	2020-05-10 12:52:01.940883
324	3538192621	Charlie Norris	2014	aktif	laki-laki	8	2020-05-10 12:52:01.940883	2020-05-10 12:52:01.940883
325	6714480627	Amanda Nash	2015	aktif	perempuan	6	2020-05-10 12:52:01.940883	2020-05-10 12:52:01.940883
326	9304465326	Duane Butler	2015	aktif	laki-laki	10	2020-05-10 12:52:01.940883	2020-05-10 12:52:01.940883
327	2365991063	Minnie Stanley	2014	aktif	perempuan	11	2020-05-10 12:52:01.940883	2020-05-10 12:52:01.940883
328	6038635300	Amelia Ward	2015	aktif	perempuan	11	2020-05-10 12:52:01.940883	2020-05-10 12:52:01.940883
329	3029335793	Dustin Conner	2016	aktif	perempuan	4	2020-05-10 12:52:01.940883	2020-05-10 12:52:01.940883
330	3808546993	Emma Hernandez	2014	aktif	laki-laki	10	2020-05-10 12:52:01.940883	2020-05-10 12:52:01.940883
331	1759394580	Lola Bailey	2015	aktif	laki-laki	9	2020-05-10 12:52:01.940883	2020-05-10 12:52:01.940883
332	7047170554	Francis Jordan	2015	aktif	laki-laki	8	2020-05-10 12:52:01.940883	2020-05-10 12:52:01.940883
333	8726192356	Lulu Griffith	2016	aktif	laki-laki	9	2020-05-10 12:52:01.940883	2020-05-10 12:52:01.940883
334	1604225614	Jesus Bishop	2014	aktif	perempuan	7	2020-05-10 12:52:01.940883	2020-05-10 12:52:01.940883
335	2982529314	Isaac Becker	2014	aktif	perempuan	3	2020-05-10 12:52:01.940883	2020-05-10 12:52:01.940883
336	1885848402	Joe Bailey	2015	aktif	perempuan	10	2020-05-10 12:52:01.940883	2020-05-10 12:52:01.940883
337	0775706978	Bradley Dixon	2015	aktif	perempuan	3	2020-05-10 12:52:01.940883	2020-05-10 12:52:01.940883
338	3846582665	Bertie Rowe	2016	aktif	laki-laki	8	2020-05-10 12:52:01.940883	2020-05-10 12:52:01.940883
339	8253056123	Victoria Medina	2016	aktif	perempuan	6	2020-05-10 12:52:01.940883	2020-05-10 12:52:01.940883
340	2075475618	Lawrence Bass	2014	aktif	laki-laki	3	2020-05-10 12:52:01.940883	2020-05-10 12:52:01.940883
341	1596285097	Pauline Hampton	2014	aktif	perempuan	3	2020-05-10 12:52:01.940883	2020-05-10 12:52:01.940883
342	9663592692	Louis Brewer	2016	aktif	laki-laki	5	2020-05-10 12:52:01.940883	2020-05-10 12:52:01.940883
343	7496991765	Mario Hall	2015	aktif	laki-laki	1	2020-05-10 12:52:01.940883	2020-05-10 12:52:01.940883
344	5834430996	Sylvia King	2014	aktif	laki-laki	3	2020-05-10 12:52:01.940883	2020-05-10 12:52:01.940883
345	6660571856	Benjamin Delgado	2014	aktif	laki-laki	3	2020-05-10 12:52:01.940883	2020-05-10 12:52:01.940883
346	8511479750	Corey Larson	2015	aktif	perempuan	11	2020-05-10 12:52:01.940883	2020-05-10 12:52:01.940883
347	2940686764	Adeline Hodges	2015	aktif	perempuan	3	2020-05-10 12:52:01.940883	2020-05-10 12:52:01.940883
348	9962690500	James Cunningham	2015	aktif	laki-laki	8	2020-05-10 12:52:01.940883	2020-05-10 12:52:01.940883
349	3440157125	Cameron Fox	2015	aktif	perempuan	7	2020-05-10 12:52:01.940883	2020-05-10 12:52:01.940883
350	1963283493	Samuel Parsons	2015	aktif	perempuan	5	2020-05-10 12:52:01.940883	2020-05-10 12:52:01.940883
351	4826119632	Walter Sandoval	2015	aktif	perempuan	1	2020-05-10 12:52:01.940883	2020-05-10 12:52:01.940883
352	3367977937	Tillie Walker	2014	aktif	perempuan	11	2020-05-10 12:52:01.940883	2020-05-10 12:52:01.940883
353	1036383961	Amelia Dunn	2015	aktif	laki-laki	10	2020-05-10 12:52:01.940883	2020-05-10 12:52:01.940883
354	1655105751	Lillian Luna	2015	aktif	perempuan	11	2020-05-10 12:52:01.940883	2020-05-10 12:52:01.940883
355	4553192595	Theodore Gibson	2014	aktif	perempuan	2	2020-05-10 12:52:01.940883	2020-05-10 12:52:01.940883
356	5701500269	Lucy Bell	2016	aktif	laki-laki	1	2020-05-10 12:52:01.940883	2020-05-10 12:52:01.940883
357	9062855077	Adeline Holt	2014	aktif	laki-laki	6	2020-05-10 12:52:01.940883	2020-05-10 12:52:01.940883
358	0654581276	Jimmy Shelton	2014	aktif	laki-laki	11	2020-05-10 12:52:01.940883	2020-05-10 12:52:01.940883
359	9758504099	Alfred Wade	2014	aktif	laki-laki	8	2020-05-10 12:52:01.940883	2020-05-10 12:52:01.940883
360	2223023684	Francis Jensen	2014	aktif	perempuan	3	2020-05-10 12:52:01.940883	2020-05-10 12:52:01.940883
361	1234567890	Foobar Ossd	2014	aktif	perempuan	12	2020-05-10 13:29:39.905052	2020-05-10 13:29:39.905052
\.


--
-- Data for Name: mata_kuliah; Type: TABLE DATA; Schema: public; Owner: postgres
--

COPY public.mata_kuliah (id, kode, nama, sks, "minSks", "prefScheduledAt", "openIn", "mkType", _created, _updated, scheduled) FROM stdin;
1	STKOM 10547	Sabre Holdings Corp	1	0	5	semua	pilihan	2020-05-10 12:52:01.940883	2020-05-10 12:52:01.940883	t
2	STKOM 24289	Unified Western Grocers Inc	2	0	1	semua	wajib	2020-05-10 12:52:01.940883	2020-05-10 12:52:01.940883	t
3	STKOM 43480	Hewlett-Packard Company	3	0	3	ganjil	pilihan	2020-05-10 12:52:01.940883	2020-05-10 12:52:01.940883	t
4	STKOM 44582	Wal-Mart Stores Inc	6	0	2	semua	wajib	2020-05-10 12:52:01.940883	2020-05-10 12:52:01.940883	t
5	STKOM 05087	Pioneer-Standard Electronics Inc.	2	0	6	semua	pilihan	2020-05-10 12:52:01.940883	2020-05-10 12:52:01.940883	t
6	STKOM 84897	Philip Morris Companies Inc.	3	0	4	genap	wajib	2020-05-10 12:52:01.940883	2020-05-10 12:52:01.940883	t
7	MPK 00391	Washington Mutual Inc	1	0	1	genap	umum	2020-05-10 12:52:01.940883	2020-05-10 12:52:01.940883	t
8	STKOM 84573	Visteon Corporation	6	0	3	genap	pilihan	2020-05-10 12:52:01.940883	2020-05-10 12:52:01.940883	t
9	STKOM 69994	MBNA Corporation	6	0	1	ganjil	wajib	2020-05-10 12:52:01.940883	2020-05-10 12:52:01.940883	t
10	STKOM 55690	Jabil Circuit Inc.	1	0	5	ganjil	wajib	2020-05-10 12:52:01.940883	2020-05-10 12:52:01.940883	t
11	STKOM 33497	Charter Communications Inc.	3	0	6	semua	pilihan	2020-05-10 12:52:01.940883	2020-05-10 12:52:01.940883	t
12	STKOM 47768	National City Corp.	2	0	6	genap	wajib	2020-05-10 12:52:01.940883	2020-05-10 12:52:01.940883	t
13	STKOM 20626	AdvancePCS, Inc.	3	0	3	ganjil	wajib	2020-05-10 12:52:01.940883	2020-05-10 12:52:01.940883	t
14	STKOM 33446	State Street Corp.	3	0	1	ganjil	pilihan	2020-05-10 12:52:01.940883	2020-05-10 12:52:01.940883	t
15	STKOM 58299	Cummins Inc.	3	0	1	semua	pilihan	2020-05-10 12:52:01.940883	2020-05-10 12:52:01.940883	t
16	STKOM 36191	Comcast Corp.	3	0	3	genap	pilihan	2020-05-10 12:52:01.940883	2020-05-10 12:52:01.940883	t
17	STKOM 24398	AK Steel Holding Corporation	6	0	5	genap	pilihan	2020-05-10 12:52:01.940883	2020-05-10 12:52:01.940883	t
18	MPK 24681	American Standard Companies Inc.	4	0	1	ganjil	umum	2020-05-10 12:52:01.940883	2020-05-10 12:52:01.940883	t
19	MPK 56021	Charter One Financial Inc.	2	0	6	semua	umum	2020-05-10 12:52:01.940883	2020-05-10 12:52:01.940883	t
20	STKOM 60259	Marsh & McLennan Companies Inc.	4	0	6	semua	pilihan	2020-05-10 12:52:01.940883	2020-05-10 12:52:01.940883	t
21	STKOM 81823	Target Corp.	6	0	1	semua	pilihan	2020-05-10 12:52:01.940883	2020-05-10 12:52:01.940883	t
22	STKOM 29856	Lockheed Martin Corporation	4	0	6	genap	pilihan	2020-05-10 12:52:01.940883	2020-05-10 12:52:01.940883	t
23	STKOM 94299	Calpine Corp.	2	0	3	ganjil	wajib	2020-05-10 12:52:01.940883	2020-05-10 12:52:01.940883	t
24	STKOM 23910	Insight Enterprises Inc.	6	0	2	semua	wajib	2020-05-10 12:52:01.940883	2020-05-10 12:52:01.940883	t
25	MPK 37848	Southern Company	6	0	6	semua	umum	2020-05-10 12:52:01.940883	2020-05-10 12:52:01.940883	t
26	STKOM 43461	Mellon Financial Corporation	5	0	4	semua	wajib	2020-05-10 12:52:01.940883	2020-05-10 12:52:01.940883	t
27	STKOM 81684	Audiovox Corporation	6	0	3	semua	pilihan	2020-05-10 12:52:01.940883	2020-05-10 12:52:01.940883	t
28	MPK 50135	Enron Corp.	4	0	3	semua	umum	2020-05-10 12:52:01.940883	2020-05-10 12:52:01.940883	t
29	STKOM 43651	Quest Diagnostics Inc.	3	0	4	ganjil	pilihan	2020-05-10 12:52:01.940883	2020-05-10 12:52:01.940883	t
30	STKOM 08222	Apache Corporation	5	0	6	semua	wajib	2020-05-10 12:52:01.940883	2020-05-10 12:52:01.940883	t
31	STKOM 98579	National Fuel Gas Company	6	0	4	semua	wajib	2020-05-10 12:52:01.940883	2020-05-10 12:52:01.940883	t
32	STKOM 12914	Mail-Well Inc.	2	0	4	ganjil	wajib	2020-05-10 12:52:01.940883	2020-05-10 12:52:01.940883	t
33	STKOM 29024	Southwest Airlines Co	1	0	3	genap	pilihan	2020-05-10 12:52:01.940883	2020-05-10 12:52:01.940883	t
34	MPK 15469	Crown Cork & Seal Co. Inc.	1	0	3	ganjil	umum	2020-05-10 12:52:01.940883	2020-05-10 12:52:01.940883	t
35	MPK 14484	Union Pacific Corporation	3	0	6	semua	umum	2020-05-10 12:52:01.940883	2020-05-10 12:52:01.940883	t
36	STKOM 90372	Kellwood Company	4	0	4	ganjil	pilihan	2020-05-10 12:52:01.940883	2020-05-10 12:52:01.940883	t
37	MPK 29844	Safeco Corp	2	0	1	semua	umum	2020-05-10 12:52:01.940883	2020-05-10 12:52:01.940883	t
38	MPK 15041	Omnicare Inc	6	0	1	ganjil	umum	2020-05-10 12:52:01.940883	2020-05-10 12:52:01.940883	t
39	STKOM 78220	United Stationers Inc	2	0	1	genap	wajib	2020-05-10 12:52:01.940883	2020-05-10 12:52:01.940883	t
40	STKOM 46851	Southwest Airlines Co	5	0	3	semua	pilihan	2020-05-10 12:52:01.940883	2020-05-10 12:52:01.940883	t
41	STKOM 61432	The Goodyear Tire & Rubber Company	2	0	3	ganjil	wajib	2020-05-10 12:52:01.940883	2020-05-10 12:52:01.940883	t
42	STKOM 72375	Weatherford International Inc	4	0	6	semua	wajib	2020-05-10 12:52:01.940883	2020-05-10 12:52:01.940883	t
43	STKOM 02530	USG Corporation	3	0	4	semua	pilihan	2020-05-10 12:52:01.940883	2020-05-10 12:52:01.940883	t
44	MPK 75684	CH2M Hill Cos. Ltd.	6	0	2	ganjil	umum	2020-05-10 12:52:01.940883	2020-05-10 12:52:01.940883	t
45	MPK 78655	Pioneer-Standard Electronics Inc.	3	0	3	genap	umum	2020-05-10 12:52:01.940883	2020-05-10 12:52:01.940883	t
46	STKOM 16566	GATX Corporation	1	0	3	ganjil	wajib	2020-05-10 12:52:01.940883	2020-05-10 12:52:01.940883	t
47	STKOM 09321	USG Corporation	5	0	5	genap	pilihan	2020-05-10 12:52:01.940883	2020-05-10 12:52:01.940883	t
48	STKOM 42709	PPG Industries Inc	3	0	4	semua	wajib	2020-05-10 12:52:01.940883	2020-05-10 12:52:01.940883	t
49	STKOM 56738	Gap Inc.	6	0	4	genap	pilihan	2020-05-10 12:52:01.940883	2020-05-10 12:52:01.940883	t
50	MPK 86057	Lexmark International Inc.	1	0	3	ganjil	umum	2020-05-10 12:52:01.940883	2020-05-10 12:52:01.940883	t
51	STKOM 40264	Foster Wheeler Ltd.	3	0	2	semua	pilihan	2020-05-10 12:52:01.940883	2020-05-10 12:52:01.940883	t
52	STKOM 90742	NCR Corporation	6	0	1	semua	wajib	2020-05-10 12:52:01.940883	2020-05-10 12:52:01.940883	t
53	MPK 67155	Group 1 Automotive Inc.	2	0	5	ganjil	umum	2020-05-10 12:52:01.940883	2020-05-10 12:52:01.940883	t
54	STKOM 99184	Motorola Inc.	1	0	4	ganjil	wajib	2020-05-10 12:52:01.940883	2020-05-10 12:52:01.940883	t
55	STKOM 45682	Costco Wholesale Corp.	6	0	1	semua	wajib	2020-05-10 12:52:01.940883	2020-05-10 12:52:01.940883	t
56	STKOM 32139	NSTAR	3	0	4	ganjil	pilihan	2020-05-10 12:52:01.940883	2020-05-10 12:52:01.940883	t
57	STKOM 28262	Phillips Petroleum Co	3	0	5	genap	wajib	2020-05-10 12:52:01.940883	2020-05-10 12:52:01.940883	t
58	STKOM 75065	L-3 Communications Holdings Inc.	5	0	4	genap	wajib	2020-05-10 12:52:01.940883	2020-05-10 12:52:01.940883	t
60	STKOM 36968	Nacco Industries Inc	4	0	5	genap	wajib	2020-05-10 12:52:01.940883	2020-05-10 12:52:01.940883	t
61	STKOM 42676	Quest Diagnostics Inc.	4	0	3	genap	wajib	2020-05-10 12:52:01.940883	2020-05-10 12:52:01.940883	t
62	STKOM 58559	American Express Company	3	0	4	ganjil	pilihan	2020-05-10 12:52:01.940883	2020-05-10 12:52:01.940883	t
63	STKOM 26286	Potomac Electric Power Co.	3	0	2	genap	wajib	2020-05-10 12:52:01.940883	2020-05-10 12:52:01.940883	t
64	STKOM 35396	Quantum Corp	6	0	2	semua	pilihan	2020-05-10 12:52:01.940883	2020-05-10 12:52:01.940883	t
65	STKOM 12526	ALLTEL Corporation	3	0	1	ganjil	pilihan	2020-05-10 12:52:01.940883	2020-05-10 12:52:01.940883	t
66	STKOM 94134	Procter & Gamble Co.	3	0	1	ganjil	pilihan	2020-05-10 12:52:01.940883	2020-05-10 12:52:01.940883	t
59	STKOM 45514	Foo Fucking Bar	2	0	1	ganjil	pilihan	2020-05-10 12:52:01.940883	2020-05-11 16:39:42.598459	t
67	STKOM 45404	Tugas Akhir	6	100	8	semua	wajib	2020-05-12 10:01:33.926476	2020-05-12 15:01:57.521695	f
\.


--
-- Data for Name: mk_pra; Type: TABLE DATA; Schema: public; Owner: postgres
--

COPY public.mk_pra ("idParent", "idChild") FROM stdin;
\.


--
-- Data for Name: periode; Type: TABLE DATA; Schema: public; Owner: postgres
--

COPY public.periode (id, tahun, semester) FROM stdin;
1	2014	1
2	2014	2
3	2015	1
4	2015	2
5	2016	1
6	2016	2
\.


--
-- Data for Name: periode_dosen; Type: TABLE DATA; Schema: public; Owner: postgres
--

COPY public.periode_dosen (periode_id, dosen_id) FROM stdin;
\.


--
-- Data for Name: periode_mahasiswa; Type: TABLE DATA; Schema: public; Owner: postgres
--

COPY public.periode_mahasiswa (periode_id, mahasiswa_id) FROM stdin;
\.


--
-- Data for Name: setting; Type: TABLE DATA; Schema: public; Owner: postgres
--

COPY public.setting (name, data) FROM stdin;
activePeriode	{"value": 1}
currentPhase	{"value": "ClassPick"}
\.


--
-- Data for Name: user; Type: TABLE DATA; Schema: public; Owner: postgres
--

COPY public."user" (username, password, roles, "userType", "targetId") FROM stdin;
admin	$2b$04$6sG5rXqCFaQmChcDMEGJ..KJ0lUiQrvrkxL9rR7Hn2cPa4CE3Ot4.	{Admin}	User	\N
\.


--
-- Name: dosen_id_seq; Type: SEQUENCE SET; Schema: public; Owner: postgres
--

SELECT pg_catalog.setval('public.dosen_id_seq', 14, true);


--
-- Name: event_id_seq; Type: SEQUENCE SET; Schema: public; Owner: postgres
--

SELECT pg_catalog.setval('public.event_id_seq', 1, false);


--
-- Name: kelas_id_seq; Type: SEQUENCE SET; Schema: public; Owner: postgres
--

SELECT pg_catalog.setval('public.kelas_id_seq', 287, true);


--
-- Name: mahasiswa_id_seq; Type: SEQUENCE SET; Schema: public; Owner: postgres
--

SELECT pg_catalog.setval('public.mahasiswa_id_seq', 362, true);


--
-- Name: mata_kuliah_id_seq; Type: SEQUENCE SET; Schema: public; Owner: postgres
--

SELECT pg_catalog.setval('public.mata_kuliah_id_seq', 67, true);


--
-- Name: periode_id_seq; Type: SEQUENCE SET; Schema: public; Owner: postgres
--

SELECT pg_catalog.setval('public.periode_id_seq', 6, true);


--
-- Name: mahasiswa PK_2545c0aa4b454c7417d5c13bb2b; Type: CONSTRAINT; Schema: public; Owner: postgres
--

ALTER TABLE ONLY public.mahasiswa
    ADD CONSTRAINT "PK_2545c0aa4b454c7417d5c13bb2b" PRIMARY KEY (id);


--
-- Name: setting PK_27923d152bbf82683ab795d5476; Type: CONSTRAINT; Schema: public; Owner: postgres
--

ALTER TABLE ONLY public.setting
    ADD CONSTRAINT "PK_27923d152bbf82683ab795d5476" PRIMARY KEY (name);


--
-- Name: event PK_30c2f3bbaf6d34a55f8ae6e4614; Type: CONSTRAINT; Schema: public; Owner: postgres
--

ALTER TABLE ONLY public.event
    ADD CONSTRAINT "PK_30c2f3bbaf6d34a55f8ae6e4614" PRIMARY KEY (id);


--
-- Name: periode PK_3d0c1d68dfaf09f7bbc469975ed; Type: CONSTRAINT; Schema: public; Owner: postgres
--

ALTER TABLE ONLY public.periode
    ADD CONSTRAINT "PK_3d0c1d68dfaf09f7bbc469975ed" PRIMARY KEY (id);


--
-- Name: kelas_scheduled PK_496278b524425b4427ceffbb0c0; Type: CONSTRAINT; Schema: public; Owner: postgres
--

ALTER TABLE ONLY public.kelas_scheduled
    ADD CONSTRAINT "PK_496278b524425b4427ceffbb0c0" PRIMARY KEY ("idKelas", "idDosen");


--
-- Name: kelas PK_55bb4fb74bbbd202d55118b0417; Type: CONSTRAINT; Schema: public; Owner: postgres
--

ALTER TABLE ONLY public.kelas
    ADD CONSTRAINT "PK_55bb4fb74bbbd202d55118b0417" PRIMARY KEY (id);


--
-- Name: mata_kuliah PK_8dc3724998805b9813454a56a9b; Type: CONSTRAINT; Schema: public; Owner: postgres
--

ALTER TABLE ONLY public.mata_kuliah
    ADD CONSTRAINT "PK_8dc3724998805b9813454a56a9b" PRIMARY KEY (id);


--
-- Name: user PK_a286b69738cb041099839b53150; Type: CONSTRAINT; Schema: public; Owner: postgres
--

ALTER TABLE ONLY public."user"
    ADD CONSTRAINT "PK_a286b69738cb041099839b53150" PRIMARY KEY (username, password);


--
-- Name: periode_mahasiswa PK_a8e8b2c4f8858c5ce14aaabc835; Type: CONSTRAINT; Schema: public; Owner: postgres
--

ALTER TABLE ONLY public.periode_mahasiswa
    ADD CONSTRAINT "PK_a8e8b2c4f8858c5ce14aaabc835" PRIMARY KEY (periode_id, mahasiswa_id);


--
-- Name: mk_pra PK_ad223df400274a69143676e316b; Type: CONSTRAINT; Schema: public; Owner: postgres
--

ALTER TABLE ONLY public.mk_pra
    ADD CONSTRAINT "PK_ad223df400274a69143676e316b" PRIMARY KEY ("idParent", "idChild");


--
-- Name: dosen PK_c2a754bda80f373c3fba0c6ae75; Type: CONSTRAINT; Schema: public; Owner: postgres
--

ALTER TABLE ONLY public.dosen
    ADD CONSTRAINT "PK_c2a754bda80f373c3fba0c6ae75" PRIMARY KEY (id);


--
-- Name: periode_dosen PK_de0fdf54b6ca00f71b4a66f8481; Type: CONSTRAINT; Schema: public; Owner: postgres
--

ALTER TABLE ONLY public.periode_dosen
    ADD CONSTRAINT "PK_de0fdf54b6ca00f71b4a66f8481" PRIMARY KEY (periode_id, dosen_id);


--
-- Name: kelas_mahasiswa PK_e27d4d6a34d6f67922a7d49c61b; Type: CONSTRAINT; Schema: public; Owner: postgres
--

ALTER TABLE ONLY public.kelas_mahasiswa
    ADD CONSTRAINT "PK_e27d4d6a34d6f67922a7d49c61b" PRIMARY KEY ("idMahasiswa", "idKelas");


--
-- Name: mata_kuliah UQ_276dfa2caba3d5d6c30853dc3fc; Type: CONSTRAINT; Schema: public; Owner: postgres
--

ALTER TABLE ONLY public.mata_kuliah
    ADD CONSTRAINT "UQ_276dfa2caba3d5d6c30853dc3fc" UNIQUE (kode);


--
-- Name: dosen UQ_5e7fa5ca454a6043f5843cbdb08; Type: CONSTRAINT; Schema: public; Owner: postgres
--

ALTER TABLE ONLY public.dosen
    ADD CONSTRAINT "UQ_5e7fa5ca454a6043f5843cbdb08" UNIQUE (nip);


--
-- Name: mahasiswa UQ_d3224ed556afa8575b1dffc6fa9; Type: CONSTRAINT; Schema: public; Owner: postgres
--

ALTER TABLE ONLY public.mahasiswa
    ADD CONSTRAINT "UQ_d3224ed556afa8575b1dffc6fa9" UNIQUE (nim);


--
-- Name: IDX_07fb40235b9b037dbe7888b62c; Type: INDEX; Schema: public; Owner: postgres
--

CREATE INDEX "IDX_07fb40235b9b037dbe7888b62c" ON public.periode_mahasiswa USING btree (periode_id);


--
-- Name: IDX_25a40e17fe256db80d0cb353cb; Type: INDEX; Schema: public; Owner: postgres
--

CREATE INDEX "IDX_25a40e17fe256db80d0cb353cb" ON public.periode_mahasiswa USING btree (mahasiswa_id);


--
-- Name: IDX_4f2994fb977ea823f6292a6444; Type: INDEX; Schema: public; Owner: postgres
--

CREATE INDEX "IDX_4f2994fb977ea823f6292a6444" ON public.periode_dosen USING btree (periode_id);


--
-- Name: IDX_740dc1503310ff0264906246d5; Type: INDEX; Schema: public; Owner: postgres
--

CREATE INDEX "IDX_740dc1503310ff0264906246d5" ON public.periode_dosen USING btree (dosen_id);


--
-- Name: periode_mahasiswa FK_07fb40235b9b037dbe7888b62c2; Type: FK CONSTRAINT; Schema: public; Owner: postgres
--

ALTER TABLE ONLY public.periode_mahasiswa
    ADD CONSTRAINT "FK_07fb40235b9b037dbe7888b62c2" FOREIGN KEY (periode_id) REFERENCES public.periode(id) ON DELETE CASCADE;


--
-- Name: periode_mahasiswa FK_25a40e17fe256db80d0cb353cb2; Type: FK CONSTRAINT; Schema: public; Owner: postgres
--

ALTER TABLE ONLY public.periode_mahasiswa
    ADD CONSTRAINT "FK_25a40e17fe256db80d0cb353cb2" FOREIGN KEY (mahasiswa_id) REFERENCES public.mahasiswa(id) ON DELETE CASCADE;


--
-- Name: kelas_scheduled FK_3e75661e416901f1f7aa18b245f; Type: FK CONSTRAINT; Schema: public; Owner: postgres
--

ALTER TABLE ONLY public.kelas_scheduled
    ADD CONSTRAINT "FK_3e75661e416901f1f7aa18b245f" FOREIGN KEY ("idDosen") REFERENCES public.dosen(id);


--
-- Name: periode_dosen FK_4f2994fb977ea823f6292a64443; Type: FK CONSTRAINT; Schema: public; Owner: postgres
--

ALTER TABLE ONLY public.periode_dosen
    ADD CONSTRAINT "FK_4f2994fb977ea823f6292a64443" FOREIGN KEY (periode_id) REFERENCES public.periode(id) ON DELETE CASCADE;


--
-- Name: mahasiswa FK_5967a3e5fee3722aef8a1cce5da; Type: FK CONSTRAINT; Schema: public; Owner: postgres
--

ALTER TABLE ONLY public.mahasiswa
    ADD CONSTRAINT "FK_5967a3e5fee3722aef8a1cce5da" FOREIGN KEY ("idPa") REFERENCES public.dosen(id) ON DELETE SET NULL;


--
-- Name: mk_pra FK_5d448c99adc6ca946225e5cd440; Type: FK CONSTRAINT; Schema: public; Owner: postgres
--

ALTER TABLE ONLY public.mk_pra
    ADD CONSTRAINT "FK_5d448c99adc6ca946225e5cd440" FOREIGN KEY ("idChild") REFERENCES public.mata_kuliah(id);


--
-- Name: kelas FK_657da5e6d0d0a1619ed673f67e4; Type: FK CONSTRAINT; Schema: public; Owner: postgres
--

ALTER TABLE ONLY public.kelas
    ADD CONSTRAINT "FK_657da5e6d0d0a1619ed673f67e4" FOREIGN KEY ("idMataKuliah") REFERENCES public.mata_kuliah(id) ON DELETE CASCADE;


--
-- Name: periode_dosen FK_740dc1503310ff0264906246d58; Type: FK CONSTRAINT; Schema: public; Owner: postgres
--

ALTER TABLE ONLY public.periode_dosen
    ADD CONSTRAINT "FK_740dc1503310ff0264906246d58" FOREIGN KEY (dosen_id) REFERENCES public.dosen(id) ON DELETE CASCADE;


--
-- Name: mk_pra FK_90a2722b83c298b038c1f31bfad; Type: FK CONSTRAINT; Schema: public; Owner: postgres
--

ALTER TABLE ONLY public.mk_pra
    ADD CONSTRAINT "FK_90a2722b83c298b038c1f31bfad" FOREIGN KEY ("idParent") REFERENCES public.mata_kuliah(id) ON DELETE CASCADE;


--
-- Name: kelas FK_c7ab15799455d3bbfae3dec55c1; Type: FK CONSTRAINT; Schema: public; Owner: postgres
--

ALTER TABLE ONLY public.kelas
    ADD CONSTRAINT "FK_c7ab15799455d3bbfae3dec55c1" FOREIGN KEY ("idPeriode") REFERENCES public.periode(id);


--
-- Name: kelas_mahasiswa FK_ceac56782839cefd26a343e9626; Type: FK CONSTRAINT; Schema: public; Owner: postgres
--

ALTER TABLE ONLY public.kelas_mahasiswa
    ADD CONSTRAINT "FK_ceac56782839cefd26a343e9626" FOREIGN KEY ("idMahasiswa") REFERENCES public.mahasiswa(id) ON DELETE CASCADE;


--
-- Name: kelas_mahasiswa FK_f7483f86a4310d995eea7e2c75a; Type: FK CONSTRAINT; Schema: public; Owner: postgres
--

ALTER TABLE ONLY public.kelas_mahasiswa
    ADD CONSTRAINT "FK_f7483f86a4310d995eea7e2c75a" FOREIGN KEY ("idKelas") REFERENCES public.kelas(id) ON DELETE CASCADE;


--
-- Name: kelas_scheduled FK_f905bc21bdde605378e5f2e5d34; Type: FK CONSTRAINT; Schema: public; Owner: postgres
--

ALTER TABLE ONLY public.kelas_scheduled
    ADD CONSTRAINT "FK_f905bc21bdde605378e5f2e5d34" FOREIGN KEY ("idKelas") REFERENCES public.kelas(id) ON DELETE CASCADE;


--
-- PostgreSQL database dump complete
--

